step,contact,jj,block_i,block_j,mtype,q01,q02,b1,cs1,cs2,cs3,x1,y1,x2,y2,x3,y3,s1,s2,s3,s4,s5,s6,s7,s8,s9,s10,s11,s12,s13,s14,s15,s16,s17,s18,s19,s20,s21,s22,s23,s24,s25,s26,s27,s28,s29,s30,o3,o4,o5,m0_0,m0_1,m0_2,k5,fric_ang,cohesion
1,1,0,2,1,0,1,1,0.76251498466587531,0,4.1310666557780415e-09,0.99999999458231448,4.8977560000000002,4.167332,4.1362800000000002,4.1275399999999998,4.8977560000000002,4.167332,-0.052185203963482286,0.99863742393688104,1.5201535594199547,-0.080304795454278655,-0.31750895812917901,0.77666865714521671,0.052185203963482286,-0.99863742393688104,-1.0958029823137148,0.054367563428501776,-1.0602151434065654,-0.49249845680458054,0.99863742393688104,0.052185203963482286,0.39781375358345772,1.536745436855194,-0.016591877435239426,-0.11860208133745019,-0.99863742393688215,-0.052185203963482286,1.0058475799780648,-1.0403999397218071,-0.055403034329776585,-0.55729135298696075,0.99863742393688104,0.052185203963482286,-1.0058475799780635,1.0403999438416218,0.055403034341026697,0.55729135320224676,1.6912136717954044e-306,1.9582211764281057e-306,0.38125749130017106,2,0,2,0,10,0
1,2,0,2,1,0,1,1,1.9488230213975306,0,0,0,4.8977560000000002,4.167332,4.8977560000000002,4.167332,6.8411210000000002,4.3130839999999999,-0.074789756894127257,0.99719932423950097,1.5107536100763077,-0.11508963601370471,-0.31705172557844907,0.77915562327688415,0.074789756894127257,-0.99719932423950097,-1.1183031309543565,0.077917427602449491,-1.0586883679820274,-0.47975014216754974,0.99719932423950097,0.074789756894127257,0.43214136159215377,1.5345324283150381,-0.023778818238730279,-0.1009810447823722,-0.99719932423950097,-0.074789756894127257,0.98077094037957802,-1.038901707644728,-0.079401423309628572,-0.56830289779223853,0.99719932423950097,0.074789756894127257,-0.98077094037957802,1.038901707644728,0.079401423309628572,0.56830289779223853,1.1126102665782593e-306,1.3796191297027345e-306,0,2,0,2,0,10,0
1,3,0,2,1,0,1,1,0.76251498466587531,0,0,0,4.1362800000000002,4.1275399999999998,4.1362800000000002,4.1275399999999998,4.8977560000000002,4.167332,-0.052185203963482286,0.99863742393688104,0.75763857475407925,-0.040567015080982011,-0.35724673850247562,0.39748771844839387,0.052185203963482286,-0.99863742393688104,-0.3332879976478394,0.014629783055205134,-1.0204773630332689,-0.11331751810775777,0.99863742393688104,0.052185203963482286,0.39781375358345766,0.77630700582543355,-0.018668431071354328,-0.15833986171074682,-0.99863742393688104,-0.052185203963482286,1.0058475799780637,-0.27996151693167748,-0.05332648071616191,-0.51755357304423699,0.99863742393688104,0.052185203963482286,-1.0058475799780637,0.27996151693167748,0.05332648071616191,0.51755357304423699,0,0,0.38125749130017106,2,0,2,0,10,0
1,4,0,1,3,0,1,1,2.9862242496001534,0,-0,-0,2.5899999999999999,3.6400000000000001,2.5899999999999999,3.6400000000000001,0.211864,1.833898,0.60481124290710309,-0.79636885954510128,0.68498376862779042,-0.76565262420656655,-0.42552356429370053,0.66566051744420451,-0.60481124290710309,0.79636885954510128,1.5764067650403983,-0.97997071404729907,0.37665757445258047,0.50214657225621318,-0.79636885954510128,-0.60481124290710309,1.191176188500267,1.0081524017580996,-0.32316863313030925,0.17006452995643301,0.79636885954510128,0.60481124290710309,0.60331313959471866,1.2903499547764121,0.28605681026398594,0.67831414424993974,-0.79636885954510128,-0.60481124290710309,-0.60331313959471866,-1.2903499547764121,-0.28605681026398594,-0.67831414424993974,0,0,1.4931121245363657,2,0,2,0,45,1000
1,5,0,3,1,0,1,1,2.9862242496001534,0,0,0,0.211864,1.833898,0.211864,1.833898,2.5899999999999999,3.6400000000000001,-0.60481124290710309,0.79636885954510128,-1.4098174845597553,0.45835267591482731,-1.0616658155095462,0.1013852428931411,0.60481124290710309,-0.79636885954510128,3.6712080182279441,-2.2039760141686933,1.0127998256684261,1.0664218468072766,0.79636885954510128,0.60481124290710309,0.60331313959471877,-0.60352349938673655,-0.80629398517301876,-0.76000924571218675,-0.79636885954510128,-0.60481124290710309,1.1911761885002672,2.9020258559212486,0.76918216230669556,1.6083879199185598,0.79636885954510128,0.60481124290710309,-1.1911761885002672,-2.9020258559212486,-0.76918216230669556,-1.6083879199185598,0,0,1.4931121245363657,2,0,2,0,45,1000
1,6,0,4,1,0,1,1,3.2225610932921041,-3.9719960701140423e-07,7.1642084897313505e-10,0.73292410015419407,2.8412890000000002,2.301612,5.1500000000000004,2.7999999999999998,2,2.1200000000000001,0.21101229125351517,-0.97748340801260758,0.72297639415945947,-0.19435382648346899,-0.82149741996682557,0.53882732265986977,-0.21101229125351517,0.97748340801260758,-1.16146726619737,0.21410269526429823,-0.78595400710805419,-0.41106745699146474,-0.97748340801260758,-0.21101229125351517,1.0158512464502945,0.90031551973959945,-0.17733912558014003,-0.31357179674167829,0.97748340801260736,0.21101229125351523,0.57185051744454163,-0.99180092486751981,-0.16966633989700841,-0.50002871271867588,-0.97748340801260758,-0.21101229125351517,-0.57185091464414894,0.99180100747883515,0.16966625800211432,0.50002853195242603,0,0,1.180946344925621,2,0,2,0,10,0
1,7,0,4,1,0,1,1,0.36400549446402547,0,8.6537155127749091e-09,0.99999997622641557,5.1500000000000004,2.7999999999999998,5.5,2.7000000000000002,5.1500000000000004,2.7999999999999998,-0.2747211278973774,-0.96152394764082338,-0.96646585556439668,-0.38121855091263362,-1.2872967542043883,-0.85103200041202265,0.2747211278973774,0.96152394764082338,1.3282471301238328,0.35550658601684287,-0.29390927672707912,0.58014948599703675,-0.96152394764082338,0.2747211278973774,1.6685153051170218,-1.3342649281942209,0.36779907262982431,-0.45303910164587741,0.96152394764082338,-0.27472112789737863,-0.061597309289765388,1.2442730670601629,0.083974080371101129,-0.32470793594373604,-0.96152394764082338,0.2747211278973774,0.061597309289763751,-1.2442730590595579,-0.083974079717990119,0.32470793365784806,0,0,0.18200274506858388,2,0,2,0,10,0
1,8,0,4,1,0,1,1,3.2225610932921041,0,-0,-0,5.1500000000000004,2.7999999999999998,5.1500000000000004,2.7999999999999998,2,2.1200000000000001,0.21101229125351517,-0.97748340801260758,-1.6389162960499926,0.2928125714687253,-1.3086634207194128,-0.53695302863159944,-0.21101229125351517,0.97748340801260758,1.200425424012082,-0.273063305488289,-0.29878760915585989,0.66471289430000424,-0.97748340801260758,-0.21101229125351517,1.0158508492506877,-1.3564111766565958,-0.2825051193933969,-0.80073799609406904,0.97748340801260758,0.21101229125351517,0.57185091464414894,1.2649256063060452,-0.064500182293963371,-0.012862151833785435,-0.97748340801260758,-0.21101229125351517,-0.57185091464414894,-1.2649256063060452,0.064500182293963371,0.012862151833785435,0,0,1.180946344925621,2,0,2,0,10,0
1,9,0,1,4,0,1,1,0.36400549446402547,-0,8.6537155127749091e-09,0.99999997622641557,5.5,2.7000000000000002,5.1500000000000004,2.7999999999999998,5.5,2.7000000000000002,0.2747211278973774,0.96152394764082338,1.6922526245878582,0.45165898078092487,-0.39006167149116105,0.73468012043931197,-0.2747211278973774,-0.96152394764082338,-1.330471350028422,-0.47737094567671562,-1.1911443594403064,-1.0055626348542976,0.96152394764082338,-0.2747211278973774,-0.061597309289763785,1.580806432733241,0.11144619185461718,-0.42086032613604302,-0.96152394764082338,0.27472112789737863,1.6685153051170241,-1.6707982938672989,0.34032696114630945,-0.35688671145356859,0.96152394764082338,-0.2747211278973774,-1.6685153051170218,1.670798301867904,-0.34032696049319727,0.35688670916768245,0,0,0.18200274506858388,2,0,2,0,10,0
1,10,0,1,4,0,1,1,1.503787549803828,0,0,0,5.5,2.7000000000000002,5.5,2.7000000000000002,6.9622640000000002,3.0509430000000002,-0.23337272611798202,0.97238735630625173,1.5039941915909134,-0.3836795823723026,-0.39446863332765547,0.84666947067845133,0.23337272611798202,-0.97238735630625173,-1.9787793767226751,0.40552162774939504,-1.2046020460510967,-0.70028549387435723,0.97238735630625173,0.23337272611798202,0.77814821569995818,1.5986665664739081,-0.094672374882994709,-0.0053945254776764564,-0.97238735630625173,-0.23337272611798202,0.79908041830170151,-1.6896751822356948,-0.28910419448698038,-0.8050618369002458,0.97238735630625173,0.23337272611798202,-0.79908041830170151,1.6896751822356948,0.28910419448698038,0.8050618369002458,0,0,0,0,0,2,0,10,0
1,11,0,1,9,0,1,1,2.0254382241875462,-2.3698575168258298e-07,1.647474624943412e-10,0.105931981197912,0.211864,1.833898,0,1.8,2,2.1200000000000001,-0.15799050110667287,0.98744063191670528,-3.7992331828693895,0.57572883935142527,-1.25579960576864,-1.6986886545117124,0.15799050110667287,-0.98744063191670528,0.71604688237875558,-0.13136211947672188,-0.65603075692205282,0.46298832437918602,0.98744063191670528,0.15799050110667287,0.68007076641721464,-3.5983052459464071,-0.20092793692298244,-0.91576422256003265,-0.98744063191670528,-0.15799050110667276,0.78739240242727115,0.82101183983234627,-0.10496495712409581,-0.26233454382621191,0.98744063191670528,0.15799050110667287,-0.78739263941302284,-0.82101180270045493,0.10496492015695205,0.26233443127443867,0,0,0.90543976972269768,2,0,2,0,10,0
1,12,0,9,1,0,1,1,3.2225610932921041,-3.9719960701140423e-07,7.1642084897313505e-10,0.73292410015419407,2.8412890000000002,2.301612,5.1500000000000004,2.7999999999999998,2,2.1200000000000001,0.21101229125351517,-0.97748340801260758,-1.9963711402603224,0.37939391569588599,-1.1065978675285042,-0.759300951108135,-0.21101229125351517,0.97748340801260758,-1.16146726619737,0.21410269526429823,-0.78595400710805419,-0.41106745699146474,-0.97748340801260758,-0.21101229125351517,0.72720395183261832,-1.7574865212382962,-0.23888461902202618,-0.74299589161219504,0.97748340801260736,0.21101229125351523,0.57185051744454163,-0.99180092486751981,-0.16966633989700841,-0.50002871271867588,-0.97748340801260758,-0.21101229125351517,-0.57185091464414894,0.99180100747883515,0.16966625800211432,0.50002853195242603,0,0,0.4303342014760605,2,0,2,0,10,0
1,13,0,1,9,0,1,1,2.0254382241875462,0,1.5552190099351578e-09,0.99999999923215677,2,2.1200000000000001,0,1.8,2,2.1200000000000001,-0.15799050110667287,0.98744063191670528,-1.9883536427287583,0.29322033666454361,-0.97329086609600668,-0.83845028278901801,0.15799050110667287,-0.98744063191670528,-1.0948326577618757,0.15114662019591141,-0.93853925960893436,-0.39725004734350827,0.98744063191670528,0.15799050110667287,0.68007052943146307,-1.832627104153397,-0.15572653857536109,-0.63325560138027515,-0.98744063191670528,-0.15799050110667298,0.78739263941302307,-0.9446663731916477,-0.15016628145978997,-0.54484293941717521,0.98744063191670528,0.15799050110667287,-0.78739263941302295,0.94466637470804682,0.15016628149860969,0.54484293965979891,0,0,0.90543976972269768,2,0,2,0,10,0
1,14,0,1,9,0,1,1,0.86066840308274373,0,0,0,2,2.1200000000000001,2,2.1200000000000001,2.8412890000000002,2.301612,-0.21101274236337905,0.97748331063005178,-2.0221359331897606,0.39162624919154287,-0.96347623061734344,-0.80307898160294922,0.21101274236337905,-0.97748331063005178,-1.135703072782952,0.20187202776805607,-0.92907505827267367,-0.36728885283919299,0.97748331063005178,0.21101274236337905,0.57184998142580057,-1.8141469481978294,-0.20798898499193122,-0.6775512399044431,-0.97748331063005178,-0.21101274236337905,0.72720303050461765,-0.935140389230669,-0.20056268355228307,-0.5654735430203649,0.97748331063005178,0.21101274236337905,-0.72720303050461765,0.935140389230669,0.20056268355228307,0.5654735430203649,0,0,0.43033420245635839,2,0,2,0,10,0
1,15,0,1,10,0,1,1,2.0977715623244109,0,0,0,5.5,2.7000000000000002,5.5,2.7000000000000002,6.8411210000000002,4.3130839999999999,-0.76895121898432128,0.6393074556287659,0.73912141483714655,-1.2642046372437878,-0.25934802284557296,0.68150134967518405,0.76895121898432128,-0.6393074556287659,1.6599895934677737,-1.1659565736536381,0.57417538411985458,0.13938363986020338,0.6393074556287659,0.76895121898432128,1.523552660089361,1.0510620570937574,-0.31194064225661078,0.50242830719910747,-0.6393074556287659,-0.76895121898432128,0.59178118953378367,0.96937843659409018,0.69061115687368335,0.87006597888674642,0.6393074556287659,0.76895121898432128,-0.59178118953378367,-0.96937843659409018,-0.69061115687368335,-0.87006597888674642,0,0,1.0488857807868071,2,0,2,0,45,1000
1,16,0,10,1,0,1,1,2.0977715623244109,0,-0,-0,6.8411210000000002,4.3130839999999999,6.8411210000000002,4.3130839999999999,5.5,2.7000000000000002,0.76895121898432128,-0.6393074556287659,-0.43778196885663739,-0.13469994589816611,-0.45708124363561753,0.3308807668221026,-0.76895121898432128,0.6393074556287659,2.8368929771615581,-2.2954612649992598,0.7719086049098991,0.49000422271328498,-0.6393074556287659,-0.76895121898432128,0.59178118953378367,0.11198978239378388,-0.54977175125042133,-0.16119064886872569,0.6393074556287659,0.76895121898432128,1.523552660089361,1.9084507112940641,0.9284422658674939,1.5336849349545796,-0.6393074556287659,-0.76895121898432128,-1.523552660089361,-1.9084507112940641,-0.9284422658674939,-1.5336849349545796,0,0,1.0488857807868071,2,0,2,0,45,1000
1,17,0,1,11,0,1,1,3.1109568035831034,1.8654453843320285e-07,3.7824984783062265e-10,0.37356152951684263,6.8411210000000002,4.3130839999999999,8,4.4000000000000004,4.8977560000000002,4.167332,0.074789852347683053,-0.99719931708049803,-3.0671262462328772,0.22326150845548093,-1.2040321552447046,-1.4432608279080428,-0.074789852347683053,0.99719931708049803,-0.018802386254764492,-0.0012105665594062645,-0.4659441714277317,0.025544588661765313,-0.99719931708049803,-0.074789852347683053,0.98077064678922365,-2.9768239510244814,-0.090302295208396027,-0.7136468318500927,0.99719931708049803,0.07478985234768297,0.46715511107621516,0.016143368461522402,-0.03494575395978728,-0.23236661792008609,-0.99719931708049803,-0.074789852347683053,-0.46715492453167645,-0.016143381997952736,0.034945767874467452,0.23236671017712451,0,0,0.97441151054018582,2,0,2,0,10,0
1,18,0,11,1,0,1,1,0.76251498466587531,0,4.1310666557780415e-09,0.99999999458231448,4.8977560000000002,4.167332,4.1362800000000002,4.1275399999999998,4.8977560000000002,4.167332,-0.052185203963482286,0.99863742393688104,-1.956540130899018,0.1005700864600958,-0.61216971950792731,-0.946280275254336,0.052185203963482286,-0.99863742393688104,-1.0958029823137148,0.054367563428501776,-1.0602151434065654,-0.49249845680458054,0.99863742393688104,0.052185203963482286,0.51159963304783151,-1.9245503407038449,-0.031989790195173069,-0.3563699029840115,-0.99863742393688215,-0.052185203963482286,1.0058475799780648,-1.0403999397218071,-0.055403034329776585,-0.55729135298696075,0.99863742393688104,0.052185203963482286,-1.0058475799780635,1.0403999438416218,0.055403034341026697,0.55729135320224676,0,0,2.0655332021231032e-09,2,0,2,0,10,0
1,19,0,11,1,0,1,1,1.9488230213975306,0,0,0,4.8977560000000002,4.167332,4.8977560000000002,4.167332,6.8411210000000002,4.3130839999999999,-0.074789756894127257,0.99719932423950097,-1.967625362935441,0.14413304434788324,-0.61128815722389129,-0.93796618763269901,0.074789756894127257,-0.99719932423950097,-1.1183031309543565,0.077917427602449491,-1.0586883679820274,-0.47975014216754974,0.99719932423950097,0.074789756894127257,0.46715511287600803,-1.9217788691004196,-0.045846493835021492,-0.37771060078588725,-0.99719932423950097,-0.074789756894127257,0.98077094037957802,-1.038901707644728,-0.079401423309628572,-0.56830289779223853,0.99719932423950097,0.074789756894127257,-0.98077094037957802,1.038901707644728,0.079401423309628572,0.56830289779223853,0,0,0.9744115111028554,2,0,2,0,10,0
1,20,0,2,3,0,1,1,1.8085918349622172,0,0,0,0.83271399999999995,3.9178440000000001,0.83271399999999995,3.9178440000000001,2.6412599999999999,3.93072,-0.0071193509508843253,0.99997465709988775,-2.5301754869147062,0.017984902760033422,-0.56741579820476618,-1.261048008876267,0.0071193509508843253,-0.99997465709988775,0.13164540131553967,-0.00097530959243237675,-0.75079371019140706,0.071168000037727261,0.99997465709988775,0.0071193509508843253,0.54943089544473278,-2.5261357523336203,-0.0040397345810858588,-0.29270035048239984,-0.99997465709988775,-0.0071193509508843253,0.75176901978383937,0.1369907006954971,-0.0053452993799574201,-0.37490920029948738,0.99997465709988775,0.0071193509508843253,-0.75176901978383937,-0.1369907006954971,0.0053452993799574201,0.37490920029948738,0,0,0.90429591704568701,2,0,2,0,10,0
1,21,0,3,2,0,1,1,1.8085918349622172,0,-0,-0,2.6412599999999999,3.93072,2.6412599999999999,3.93072,0.83271399999999995,3.9178440000000001,0.0071193509508843253,-0.99997465709988775,-1.6769464336466775,0.011900364092385667,-0.76366938387622507,-0.83303624868053783,-0.0071193509508843253,0.99997465709988775,-0.72158365195248897,0.0051092290752153841,-0.55454012451994805,-0.35684376015800229,-0.99997465709988775,-0.0071193509508843253,0.75176901978383937,-1.6715094655038765,-0.0054369681428010066,-0.38778487398430533,0.99997465709988775,0.0071193509508843253,0.54943089544473267,-0.71763558613424672,-0.0039480658182422732,-0.27982467679758172,-0.99997465709988775,-0.0071193509508843253,-0.54943089544473267,0.71763558613424672,0.0039480658182422732,0.27982467679758172,0,0,0.90429591704568701,2,0,2,0,10,0
1,22,0,6,2,0,1,1,2.8798462414332122,2.8718790221810191e-07,3.8653658422076984e-10,0.35338630059434412,3.8291230000000001,4.9408620000000001,2.8130310000000001,4.9980169999999999,5.6883319999999999,4.8362809999999996,0.056161331696482943,0.99842170690649434,-1.9739628847348687,-0.1127686479341332,-0.54771674308995633,-1.0177905698850047,-0.056161331696482943,-0.99842170690649434,-0.44388067970487238,-0.026407289144820805,-0.45486848316888684,-0.2475267586108291,0.99842170690649434,-0.056161331696482943,0.66048539102408954,-2.0047720122524391,0.030809127517570287,-0.21747404757791156,-0.99842170690649445,0.056161331696482943,0.48127634668951169,-0.4694670654858325,0.02558638655403328,-0.21423031167911524,0.99842170690649445,-0.056161331696482943,-0.48127605950160984,0.46946708197454867,-0.025586402656213068,0.214230454345574,0,0,0.93107401612311935,2,0,2,0,10,0
1,23,0,2,6,0,1,1,1.9739925359972867,3.3403317838308184e-07,9.0413848877377602e-11,0.056659031055712336,5.6883319999999999,4.8362809999999996,5.7999999999999998,4.8300000000000001,3.8291230000000001,4.9408620000000001,-0.056161306579607245,-0.99842170831932098,-2.3060287233181973,-0.13082317116710132,-0.35045283032271224,-1.1727273633711472,0.056161306579607245,0.99842170831932098,-0.11181486984436341,-0.0083526568231820121,-0.65213235050957341,-0.092589954264473764,-0.99842170831932098,0.056161306579607245,0.48127600148981353,-2.3257417250302459,0.019713001712048258,-0.10981482957780546,0.99842170831932142,-0.056161306579607134,0.6604856753991124,-0.14849735154613622,0.036682481882599552,-0.32188951492729995,-0.99842170831932098,0.056161306579607245,-0.66048534136593373,0.14849737036639557,-0.036682500612445844,0.32188968088524772,0,0,0.93107401617457031,2,0,2,0,10,0
1,24,0,7,2,0,1,1,2.8798462414332122,2.8718790221810191e-07,3.8653658422076984e-10,0.35338630059434412,3.8291230000000001,4.9408620000000001,2.8130310000000001,4.9980169999999999,5.6883319999999999,4.8362809999999996,0.056161331696482943,0.99842170690649434,0.84922473226768558,0.045974227126493385,-0.56722998760522059,0.39270561644909047,-0.056161331696482943,-0.99842170690649434,-0.44388067970487238,-0.026407289144820805,-0.45486848316888684,-0.2475267586108291,0.99842170690649434,-0.056161331696482943,0.52125576047872724,0.81731798258293331,0.031906749684752357,-0.30660210736585702,-0.99842170690649445,0.056161331696482943,0.48127634668951169,-0.4694670654858325,0.02558638655403328,-0.21423031167911524,0.99842170690649445,-0.056161331696482943,-0.48127605950160984,0.46946708197454867,-0.025586402656213068,0.214230454345574,0,0,0.5088491048669388,2,0,2,0,10,0
1,25,0,2,7,0,1,1,2.5652286457070455,2.6185580021727674e-08,4.8716634080078333e-10,0.39672806989082837,2.8130310000000001,4.9980169999999999,3.8291230000000001,4.9408620000000001,1.267943,5.0849279999999997,-0.056161075637875993,-0.99842172130978624,0.57381740679256998,0.030657363735437173,-0.51193357040021403,0.25811251501699228,0.056161075637875993,0.99842172130978624,-0.16847361134254257,-0.011090775967100727,-0.51016517612107404,-0.11293352360422021,-0.99842172130978624,0.056161075637875993,0.48127620666477683,0.54502121841327722,0.028796188379292757,-0.27129546706782565,0.9984217213097859,-0.05616107563787643,0.5212560044593344,-0.19717032536765275,0.028696714999443682,-0.24953717411122192,-0.99842172130978624,0.056161075637875993,-0.52125597827375481,0.19717032732157205,-0.028696716466196204,0.24953718709410436,0,0,0.50884910484180146,2,0,2,0,10,0
1,26,0,2,8,0,1,1,2.2557546698207229,0,-0,-0,2.8130310000000001,4.9980169999999999,2.8130310000000001,4.9980169999999999,0.83271399999999995,3.9178440000000001,0.47885216174055267,-0.87789555597257685,0.23370005251485942,-0.26139714617716187,-0.45013464432438638,0.36237803473476204,-0.47885216174055267,0.87789555597257685,1.6017942603789588,-0.74977364774404531,0.41655044947972547,0.57368777498732559,-0.87789555597257685,-0.47885216174055267,0.71153179050154824,0.47922806099219173,-0.2455280084773323,-0.094368749073612243,0.87789555597257685,0.47885216174055267,0.3332231982643199,1.3745849051768051,0.22720935520215368,0.58316204861188536,-0.87789555597257685,-0.47885216174055267,-0.3332231982643199,-1.3745849051768051,-0.22720935520215368,-0.58316204861188536,0,0,1.1278773345612545,2,0,2,0,45,1000
1,27,0,8,2,0,1,1,2.2557546698207229,0,0,0,0.83271399999999995,3.9178440000000001,0.83271399999999995,3.9178440000000001,2.8130310000000001,4.9980169999999999,-0.47885216174055267,0.87789555597257685,-0.65396040944176492,0.19850542863752077,-0.53172862690184064,-0.036946383819258188,0.47885216174055267,-0.87789555597257685,2.4894547223355827,-1.2096762225587279,0.49814443205717979,0.97301219354134572,0.87789555597257685,0.47885216174055267,0.3332231982643199,-0.36392658854014065,-0.29003382090162427,-0.36511702776968075,-0.87789555597257685,-0.47885216174055267,0.71153179050154802,2.2177395547091372,0.2717151676264456,0.8539103273079538,0.87789555597257685,0.47885216174055267,-0.71153179050154802,-2.2177395547091372,-0.2717151676264456,-0.8539103273079538,0,0,1.1278773345612545,2,0,2,0,45,1000
1,28,0,2,11,0,1,1,1.0356172924285298,0,0,0,4.8977560000000002,4.167332,4.8977560000000002,4.167332,5.6883319999999999,4.8362809999999996,-0.64594228475203375,0.76338624874261551,0.96935869742770997,-0.99400326361817448,-0.24271268698591247,0.69005164593327362,0.64594228475203375,-0.76338624874261551,1.8671457004189393,-1.2448446397029074,0.46795957628613055,0.53760700935795047,0.76338624874261551,0.64594228475203375,1.236715950604087,1.1747309946471287,-0.20537229721941863,0.37564528831613098,-0.76338624874261551,-0.64594228475203375,0.77688506341677688,1.4711798595674201,0.39596584085151926,0.85640210799451899,0.76338624874261551,0.64594228475203375,-0.77688506341677688,-1.4711798595674201,-0.39596584085151926,-0.85640210799451899,0,0,0.51780864545384886,2,0,2,0,45,1000
1,29,0,11,2,0,1,1,1.0356172924285298,0,-0,-0,5.6883319999999999,4.8362809999999996,5.6883319999999999,4.8362809999999996,4.8977560000000002,4.167332,0.64594228475203375,-0.76338624874261551,0.83152840799040961,-0.73417817199278401,-0.04270689142399306,0.45190080858627346,-0.64594228475203375,0.76338624874261551,2.0049759898562396,-1.504669731328298,0.26795378072421117,0.77575784670495063,-0.76338624874261551,-0.64594228475203375,0.77688506341677699,0.86766501258147832,-0.03613660459106869,0.34573564028439546,0.76338624874261551,0.64594228475203375,1.2367159506040868,1.7782458416330704,0.22673014822316928,0.88631175602625456,-0.76338624874261551,-0.64594228475203375,-1.2367159506040868,-1.7782458416330704,-0.22673014822316928,-0.88631175602625456,0,0,0.51780864545384886,2,0,2,0,45,1000
1,30,0,3,8,0,1,1,0.8329051651490702,0,-0,-0,0.83271399999999995,3.9178440000000001,0.83271399999999995,3.9178440000000001,0,3.8999999999999999,0.021423807591355905,-0.99977048389532319,0.12087746252101407,-0.0029349367933153439,-0.75064041434866913,0.076523998895778933,-0.021423807591355905,0.99977048389532319,-0.42742523386510095,0.008881117072776331,-0.60554650607578087,-0.20073652687712162,-0.99977048389532319,-0.021423807591355905,0.75357535114198448,0.13696273015628596,-0.016085267635271891,-0.37385273877767689,0.99977048389532319,0.021423807591355905,0.59666538900300448,-0.41444914380967207,-0.012976090055428815,-0.30721381157427857,-0.99977048389532319,-0.021423807591355905,-0.59666538900300448,0.41444914380967207,0.012976090055428815,0.30721381157427857,0,0,0.41645258162904936,2,0,2,0,10,0
1,31,0,8,3,0,1,1,0.8329051651490702,0,0,0,0,3.8999999999999999,0,3.8999999999999999,0.83271399999999995,3.9178440000000001,-0.021423807591355905,0.99977048389532319,-1.2603303990141712,0.026721021587404668,-0.62338641059040911,-0.6168068230289967,0.021423807591355905,-0.99977048389532319,0.95378262767008426,-0.020774841307943683,-0.73280050983404066,0.49259429504765384,0.99977048389532319,0.021423807591355905,0.59666538900300448,-1.2469720225360823,-0.013358376478088973,-0.32505371608890693,-0.99977048389532319,-0.021423807591355905,0.75357535114198437,0.96948560888269597,-0.015702981212611732,-0.35601283426304853,0.99977048389532319,0.021423807591355905,-0.75357535114198437,-0.96948560888269597,0.015702981212611732,0.35601283426304853,0,0,0.41645258162904936,2,0,2,0,10,0
1,32,0,3,9,0,1,1,2.0254382241875462,0,0,0,0,1.8,0,1.8,2,2.1200000000000001,-0.15799050110667287,0.98744063191670528,-1.173507204770619,0.15320468010448088,-1.3498622132350862,-0.37077564826769566,0.15799050110667287,-0.98744063191670528,0.93060556642567027,-0.16483438201743433,-0.62255825739558857,0.56491210439612938,0.98744063191670528,0.15799050110667287,1.1966575331306053,-0.9575292506530052,-0.21597795411761384,-0.7515334466697835,-0.98744063191670528,-0.15799050110667287,0.78739263941302295,1.0302148876089645,-0.0996093211832942,-0.22886193768907712,0.98744063191670528,0.15799050110667287,-0.78739263941302295,-1.0302148876089645,0.0996093211832942,0.22886193768907712,0,0,0.10727934198227057,2,0,2,0,10,0
1,33,0,3,9,0,1,1,2.0254382241875462,-2.3698575168258298e-07,1.647474624943412e-10,0.105931981197912,0.211864,1.833898,0,1.8,2,2.1200000000000001,-0.15799050110667287,0.98744063191670528,-0.95894852072370407,0.11973218057801671,-1.3163899506943737,-0.26885186825075225,0.15799050110667287,-0.98744063191670528,0.71604688237875558,-0.13136211947672188,-0.65603075692205282,0.46298832437918602,0.98744063191670528,0.15799050110667287,1.196657770116357,-0.74832612861260428,-0.21062239211109984,-0.71806106563619509,-0.98744063191670528,-0.15799050110667276,0.78739240242727115,0.82101183983234627,-0.10496495712409581,-0.26233454382621191,0.98744063191670528,0.15799050110667287,-0.78739263941302284,-0.82101180270045493,0.10496492015695205,0.26233443127443867,0,0,0.10727934198227057,2,0,2,0,10,0
1,34,0,4,5,0,1,1,1.4111809214413298,0,0,0,6.1018520000000001,1.932407,6.1018520000000001,1.932407,6.9622640000000002,3.0509430000000002,-0.79262409447653781,0.60971062386614905,1.7999201924419035,-1.8543507835353115,0.2873052994898298,0.52646307331778863,0.79262409447653781,-0.60971062386614905,1.2343578497672709,-0.90863888875814114,0.41184993607789466,0.081773816515988404,0.60971062386614905,0.79262409447653781,1.5670454840454815,1.4264231695387402,0.373497022903163,1.0708280415125706,-0.60971062386614905,-0.79262409447653781,0.49678895268024642,0.69895274139962382,0.5354051083676471,0.6602444124180179,0.60971062386614905,0.79262409447653781,-0.49678895268024642,-0.69895274139962382,-0.5354051083676471,-0.6602444124180179,0,0,0.70559046016262161,2,0,2,0,45,1000
1,35,0,5,4,0,1,1,1.4111809214413298,0,-0,-0,6.9622640000000002,3.0509430000000002,6.9622640000000002,3.0509430000000002,6.1018520000000001,1.932407,0.79262409447653781,-0.60971062386614905,-0.17682307167405892,-0.22665560638139412,-0.27013334629885227,0.26276193993473229,-0.79262409447653781,0.60971062386614905,3.2111011138832333,-2.5363340659120586,0.96928858186657674,0.34547494989904487,-0.60971062386614905,-0.79262409447653781,0.49678895268024642,0.1743504040977028,-0.35117347577176172,-0.02173886995872908,0.60971062386614905,0.79262409447653781,1.5670454840454817,1.9510255068406614,1.2600756070425718,1.7528113238893177,-0.60971062386614905,-0.79262409447653781,-1.5670454840454817,-1.9510255068406614,-1.2600756070425718,-1.7528113238893177,0,0,0.70559046016262161,2,0,2,0,45,1000
1,36,0,4,9,0,1,1,2.9475011416562675,0,-0,-0,2.8412890000000002,2.301612,2.8412890000000002,2.301612,1,0,0.78086890874168491,-0.6246949234310859,-0.080880410396733493,-0.71922284476586862,-0.52500662789602215,0.61581829351911832,-0.78086890874168491,0.6246949234310859,2.0071959901990231,-1.4039794135818902,0.70721002981546843,0.11958516976701912,-0.6246949234310859,-0.78086890874168491,1.2442294726618908,0.57537808832075155,-0.65625849871748509,0.097108108434923235,0.6246949234310859,0.78086890874168491,0.69676938376642172,1.1231831648665307,0.88401282533249248,1.0555947216986794,-0.6246949234310859,-0.78086890874168491,-0.69676938376642172,-1.1231831648665307,-0.88401282533249248,-1.0555947216986794,1.3024614337417468e-311,1.3024614336706013e-311,1.4737505705609584,2,0,2,0,45,1000
1,37,0,9,4,0,1,1,2.9475011416562675,0,0,0,1,0,1,0,2.8412890000000002,2.301612,-0.78086890874168491,0.6246949234310859,-0.94030515145724447,0.033825918526178063,-0.73059530229259995,0.44309184972565213,0.78086890874168491,-0.6246949234310859,2.8666207312595344,-2.1570281768739372,0.91279870421204623,0.29231161356048529,0.6246949234310859,0.78086890874168491,0.69676938376642183,-0.027060726002970041,-0.91324442545427442,-0.38221061040938897,-0.6246949234310859,-0.78086890874168491,1.244229472661891,1.7256219791902523,1.1409987520692817,1.5349134405429916,0.6246949234310859,0.78086890874168491,-1.244229472661891,-1.7256219791902523,-1.1409987520692817,-1.5349134405429916,0,0,1.4737505705609584,2,0,2,0,45,1000
1,38,0,4,10,0,1,1,2.5709920264364881,3.5005942855032179e-07,5.0857746320472307e-10,0.41509443247994732,6.9622640000000002,3.0509430000000002,8,3.2999999999999998,5.5,2.7000000000000002,0.23337295247532408,-0.97238730198051748,-3.4825671125404738,0.74677488805907255,-1.545854495670846,-1.3702784773092342,-0.23337295247532408,0.97238730198051748,-0.18023518090199986,0.012609628473020889,-0.53206848679625984,0.037578930394365162,-0.97238730198051748,-0.23337295247532408,0.79907960761177343,-3.1115620335794709,-0.37100507896100282,-1.1463146918649594,0.97238730198051782,0.23337295247532416,0.51945955844209646,-0.052538817972076643,-0.12769636191276892,-0.27233874547491788,-0.97238730198051748,-0.23337295247532408,-0.51945920838266746,0.052538739014355837,0.12769644137906702,0.27233890155477919,0,0,0.75189377472273589,2,0,2,0,10,0
1,39,0,10,4,0,1,1,0.36400549446402547,-0,8.6537155127749091e-09,0.99999997622641557,5.5,2.7000000000000002,5.1500000000000004,2.7999999999999998,5.5,2.7000000000000002,0.2747211278973774,0.96152394764082338,-1.2112207751651332,-0.41655816010874963,-0.86356474825423168,-0.85234317279806071,-0.2747211278973774,-0.96152394764082338,-1.330471350028422,-0.47737094567671562,-1.1911443594403064,-1.0055626348542976,0.96152394764082338,-0.2747211278973774,1.2801229083629813,-1.4579535603806273,0.24673278521549416,-0.22350329407274103,-0.96152394764082338,0.27472112789737863,1.6685153051170241,-1.6707982938672989,0.34032696114630945,-0.35688671145356859,0.96152394764082338,-0.2747211278973774,-1.6685153051170218,1.670798301867904,-0.34032696049319727,0.35688670916768245,0,0,0,0,0,2,0,10,0
1,40,0,10,4,0,1,1,1.503787549803828,0,0,0,5.5,2.7000000000000002,5.5,2.7000000000000002,6.9622640000000002,3.0509430000000002,-0.23337272611798202,0.97238735630625173,-1.6840226097833455,0.35386180216755642,-0.87332140256571433,-0.6324143832820186,0.23337272611798202,-0.97238735630625173,-1.9787793767226751,0.40552162774939504,-1.2046020460510967,-0.70028549387435723,0.97238735630625173,0.23337272611798202,0.51945960039815797,-1.4744256881736915,-0.20959692160965421,-0.61359160236663535,-0.97238735630625173,-0.23337272611798202,0.79908041830170151,-1.6896751822356948,-0.28910419448698038,-0.8050618369002458,0.97238735630625173,0.23337272611798202,-0.79908041830170151,1.6896751822356948,0.28910419448698038,0.8050618369002458,0,0,0.75189377542559166,2,0,2,0,10,0
1,41,0,5,10,0,1,1,2.5709920264364881,0,-0,-0,8,3.2999999999999998,8,3.2999999999999998,5.5,2.7000000000000002,0.23337295247532408,-0.97238730198051748,-0.89254079474259362,0.17544512091440254,-0.6729977399968724,-0.28475093977204752,-0.23337295247532408,0.97238730198051748,0.88696929573070094,-0.2295702357963405,-0.28988897258632706,0.51305800128606893,-0.97238730198051748,-0.23337295247532408,0.49755261908246995,-0.73102133714334427,-0.16151945759924929,-0.42422143045563748,0.97238730198051748,0.23337295247532408,0.51945920838266746,0.9565426491514194,-0.069573353420718451,-0.030159368394993263,-0.97238730198051748,-0.23337295247532408,-0.51945920838266746,-0.9565426491514194,0.069573353420718451,0.030159368394993263,0,0,0.53360223818920616,2,0,2,0,10,0
1,42,0,5,10,0,1,1,2.5709920264364881,3.5005942855032179e-07,5.0857746320472307e-10,0.41509443247994732,6.9622640000000002,3.0509430000000002,8,3.2999999999999998,5.5,2.7000000000000002,0.23337295247532408,-0.97238730198051748,0.17466368189010723,-0.066734393295530325,-0.43081787572751107,0.1907281311196562,-0.23337295247532408,0.97238730198051748,-0.18023518090199986,0.012609628473020889,-0.53206848679625984,0.037578930394365162,-0.97238730198051748,-0.23337295247532408,0.49755226902304139,0.27805997206470984,-0.10339629017460258,-0.18204174121599034,0.97238730198051782,0.23337295247532416,0.51945955844209646,-0.052538817972076643,-0.12769636191276892,-0.27233874547491788,-0.97238730198051748,-0.23337295247532408,-0.51945920838266746,0.052538739014355837,0.12769644137906702,0.27233890155477919,0,0,0.53360223818920616,2,0,2,0,10,0
1,43,0,6,7,0,1,1,1.4367934619050156,0,-0,-0,4.7999999999999998,6,4.7999999999999998,6,3.8291230000000001,4.9408620000000001,0.73715396685875101,-0.6757248176176508,0.32441200875353621,-0.7644759386971387,-0.34499497673482454,0.53856396699094966,-0.73715396685875101,0.6757248176176508,1.5711517278602785,-1.3191274326387326,0.33178854953077291,0.42362490539170045,-0.6757248176176508,-0.73715396685875101,1.1094709154319633,0.70076997136771768,-0.37635796261418147,0.20974048098115702,0.6757248176176508,0.73715396685875101,0.9873388831079597,1.2092007693218396,0.36195095853843884,0.82545799108475282,-0.6757248176176508,-0.73715396685875101,-0.9873388831079597,-1.2092007693218396,-0.36195095853843884,-0.82545799108475282,0,0,0.71839673040441243,2,0,2,0,45,1000
1,44,0,7,6,0,1,1,1.4367934619050156,0,0,0,3.8291230000000001,4.9408620000000001,3.8291230000000001,4.9408620000000001,4.7999999999999998,6,-0.73715396685875101,0.6757248176176508,0.13435826595526285,-0.60344160075680919,-0.3838972823511505,0.4859759525900364,0.73715396685875101,-0.6757248176176508,1.7612054706585518,-1.480161770579062,0.37069085514709882,0.47621291979261365,0.6757248176176508,0.73715396685875101,0.9873388831079597,0.55315508556766779,-0.41879681961240495,0.10977215920282937,-0.6757248176176508,-0.73715396685875101,1.1094709154319631,1.3568156551218895,0.40438981553666231,0.92542631286308041,0.6757248176176508,0.73715396685875101,-1.1094709154319631,-1.3568156551218895,-0.40438981553666231,-0.92542631286308041,0,0,0.71839673040441243,2,0,2,0,45,1000
1,45,0,6,11,0,1,1,0.11184450449172711,-0,2.8164094388539158e-08,0.99999974818526183,5.7999999999999998,4.8300000000000001,5.6883319999999999,4.8362809999999996,5.7999999999999998,4.8300000000000001,0.056158324707532931,0.99842187604541366,2.7662050903485786e-05,-0.0020814595527290278,-0.65840388189876564,-0.037019471104127427,-0.056158324707532931,-0.99842187604541366,1.0261037864910401,0.057558478938394837,-0.049584640179402832,0.51026290154721066,0.99842187604541366,-0.056158324707532931,0.66048534145149473,-0.037005640078675676,0.037033302129579164,-0.32816121117301827,-0.99842187604542154,0.056158324707524993,-0.007973838758982995,1.023314850943283,0.0027889918759543587,-0.053571562717199414,0.99842187604541366,-0.056158324707532931,0.0079738387589919982,-1.0233148228680027,-0.0027889917871320559,0.053571561138051164,0,0,0.05592224520483946,2,0,2,0,10,0
1,46,0,6,11,0,1,1,1.3284953895290721,0,0,0,5.7999999999999998,4.8300000000000001,5.7999999999999998,4.8300000000000001,7,5.4000000000000004,-0.42905681456828776,0.90327750435428966,-0.31641838191234606,0.015902618356185689,-0.59566144289054246,0.12472999441683474,0.42905681456828776,-0.90327750435428966,0.90449000358364995,-0.43975417274851381,-0.04485948386162885,0.47355325662609865,0.90327750435428966,0.42905681456828776,0.57975882453435679,-0.033479196539338278,-0.28293918537300777,-0.30578203062336407,-0.90327750435428966,-0.42905681456828776,0.48461365661014266,0.92579825841792363,-0.021308254834273711,0.19744734444344247,0.90327750435428966,0.42905681456828776,-0.48461365661014266,-0.92579825841792363,0.021308254834273711,-0.19744734444344247,0,0,0.66424769417176022,2,0,2,0,10,0
1,47,1,11,6,1,1,0,1.9739925359972867,3.3403317838308184e-07,0,0,5.6883319999999999,4.8362809999999996,5.7999999999999998,4.8300000000000001,3.8291230000000001,4.9408620000000001,-0.056161306579607245,-0.99842170831932098,1.1379482671631405,0.063832955938425348,-0.055855718599572647,0.56583224462787818,0.056161306579607245,0.99842170831932098,-0.11181486984436341,-0.0083526568231820121,-0.65213235050957341,-0.092589954264473764,0.90327750435428966,0.42905681456828776,0.57975882453435679,-0.033479196539338278,-0.28293918537300777,-0.30578203062336407,-0.90327750435428966,-0.42905681456828776,0.48461365661014266,0.92579825841792363,-0.021308254834273711,0.19744734444344247,0.90327750435428966,0.42905681456828776,-0.48461365661014266,-0.92579825841792363,0.021308254834273711,-0.19744734444344247,0,0,0,0,0,3,0,10,0
1,48,0,11,6,0,1,1,1.0198039027185568,0,3.0888295581833857e-09,0.99999999697115383,7,5.4000000000000004,8,5.5999999999999996,7,5.4000000000000004,0.19611613513818338,-0.98058067569092033,-0.29319395343117133,0.034333607585032871,-0.60762957753003422,-0.025071061209579283,-0.19611613513818338,0.98058067569092033,1.1228109165312545,-0.22807048787062742,-0.087707614109433341,0.57894698108751386,-0.98058067569092033,-0.19611613513818338,0.5732959699450012,-0.17166803792516497,-0.1215259155060064,-0.32098159255753356,0.98058067569091945,0.19611613513818424,0.31577810198006168,1.1403524452931959,-0.017541522584284448,0.070181438068608756,-0.98058067569092033,-0.19611613513818338,-0.31577810198006073,-1.140352442323169,0.017541522703085483,-0.070181437474602634,0,0,0.50990195058707111,2,0,2,0,10,0
1,49,0,11,6,0,1,1,1.3284953895290721,0,-0,-0,7,5.4000000000000004,7,5.4000000000000004,5.7999999999999998,4.8300000000000001,0.42905681456828776,-0.90327750435428966,-0.42400538594542203,0.07511400473343155,-0.55972766134357421,0.053867946165486791,-0.42905681456828776,0.90327750435428966,1.0120770076167258,-0.49896555912575963,-0.080793265408597117,0.5444153048774466,-0.90327750435428966,-0.42905681456828776,0.48461365661014272,-0.15813474680722425,-0.26587063913819781,-0.31742083303850288,0.90327750435428966,0.42905681456828776,0.57975882453435679,1.0504538086858095,-0.038376801069083651,0.20908614685858123,-0.90327750435428966,-0.42905681456828776,-0.57975882453435679,-1.0504538086858095,0.038376801069083651,-0.20908614685858123,0,0,0.66424769417176022,2,0,2,0,10,0
1,50,0,11,6,0,1,1,1.0198039027185568,0,-0,-0,8,5.5999999999999996,8,5.5999999999999996,7,5.4000000000000004,0.19611613513818338,-0.98058067569092033,-1.3129978561497282,0.23044974272321625,-0.80374571266821748,-0.49574978554122123,-0.19611613513818338,0.98058067569092033,2.1426148192498116,-0.42418662300881077,0.10840852102875002,1.0496257054191558,-0.98058067569092033,-0.19611613513818338,0.5732959699450012,-1.1522487136160853,-0.16074914253364295,-0.51709772769571694,0.98058067569092033,0.19611613513818338,0.31577810198006073,2.1209331150440613,0.021681704205749927,0.26629757201878035,-0.98058067569092033,-0.19611613513818338,-0.31577810198006073,-2.1209331150440613,-0.021681704205749927,-0.26629757201878035,0,0,0.50990195058707111,2,0,2,0,10,0
1,51,0,8,7,0,1,1,2.5652286457070455,2.6185580021727674e-08,4.8716634080078333e-10,0.39672806989082837,2.8130310000000001,4.9980169999999999,3.8291230000000001,4.9408620000000001,1.267943,5.0849279999999997,-0.056161075637875993,-0.99842172130978624,-1.5366537586790026,-0.087935479687891949,-0.47373860586543859,-0.79497460655610075,0.056161075637875993,0.99842172130978624,-0.16847361134254257,-0.011090775967100727,-0.51016517612107404,-0.11293352360422021,-0.99842172130978624,0.056161075637875993,0.56167408555333054,-1.563301485895602,0.026647727216599405,-0.19290156308877332,0.9984217213097859,-0.05616107563787643,0.5212560044593344,-0.19717032536765275,0.028696714999443682,-0.24953717411122192,-0.99842172130978624,0.056161075637875993,-0.52125597827375481,0.19717032732157205,-0.028696716466196204,0.24953718709410436,0,0,0.77376521770473106,2,0,2,0,10,0
1,52,0,7,8,0,1,1,1.5475304357798589,-0,0,0,1.267943,5.0849279999999997,1.267943,5.0849279999999997,2.8130310000000001,4.9980169999999999,0.056161092532052211,0.99842172035949128,-1.7160040383022899,-0.097864635627140123,-0.4233913716829168,-0.88181772900348598,-0.056161092532052211,-0.99842172035949128,0.010876686604877426,-0.0011616760021685689,-0.56051243555269892,-0.026090408643288956,0.99842172035949128,-0.056161092532052211,0.52125600731005683,-1.7398197481546309,0.023815709852341011,-0.16276336802788832,-0.99842172035949128,0.056161092532052211,0.56167411155486757,-0.020652065340850241,0.03152875194572767,-0.27967537977526519,0.99842172035949128,-0.056161092532052211,-0.56167411155486757,0.020652065340850241,-0.03152875194572767,0.27967537977526519,0,0,0.77376521839880463,2,0,2,0,10,0
1,53,0,10,11,0,1,1,3.1109568035831034,0,-0,-0,8,4.4000000000000004,8,4.4000000000000004,4.8977560000000002,4.167332,0.074789852347683053,-0.99719931708049803,-1.0409227825039675,0.073571182335050264,-0.79963329605811617,-0.46048897137551698,-0.074789852347683053,0.99719931708049803,1.1433313959308169,-0.087883142402775269,-0.37927178212890122,0.60011104494790479,-0.99719931708049803,-0.074789852347683053,0.72606211372306595,-0.98095036262750079,-0.059972419876466856,-0.4366022391965832,0.99719931708049803,0.074789852347683053,0.46715492453167645,1.1717767429133132,-0.028445346982496317,-0.14569431986306297,-0.99719931708049803,-0.074789852347683053,-0.46715492453167645,-1.1717767429133132,0.028445346982496317,0.14569431986306297,0,0,0.58106689099822839,2,0,2,0,10,0
1,54,0,10,11,0,1,1,3.1109568035831034,1.8654453843320285e-07,3.7824984783062265e-10,0.37356152951684263,6.8411210000000002,4.3130839999999999,8,4.4000000000000004,4.8977560000000002,4.167332,0.074789852347683053,-0.99719931708049803,0.12121099968161383,-0.013101206963780298,-0.71296072021474721,0.11407748491062253,-0.074789852347683053,0.99719931708049803,-0.018802386254764492,-0.0012105665594062645,-0.4659441714277317,0.025544588661765313,-0.99719931708049803,-0.074789852347683053,0.72606192717852747,0.17468298475142946,-0.053471985069815611,-0.34992975662548348,0.99719931708049803,0.07478985234768297,0.46715511107621516,0.016143368461522402,-0.03494575395978728,-0.23236661792008609,-0.99719931708049803,-0.074789852347683053,-0.46715492453167645,-0.016143381997952736,0.034945767874467452,0.23236671017712451,0,0,0.58106689099822839,2,0,2,0,10,0
