step,block,vidx,x,y
1,1,0,0,1
1,1,1,0,0
1,1,2,10,0
1,1,3,10,1
1,1,4,0,1
1,1,5,0,0
1,2,8,0,2
1,2,9,0,1
1,2,10,2,1
1,2,11,2,2
1,2,12,0,2
1,2,13,0,1
1,3,16,2,2
1,3,17,2,1
1,3,18,4,1
1,3,19,4,2
1,3,20,2,2
1,3,21,2,1
1,4,24,4,2
1,4,25,4,1
1,4,26,6,1
1,4,27,6,2
1,4,28,4,2
1,4,29,4,1
1,5,32,6,2
1,5,33,6,1
1,5,34,8,1
1,5,35,8,2
1,5,36,6,2
1,5,37,6,1
1,6,40,8,2
1,6,41,8,1
1,6,42,10,1
1,6,43,10,2
1,6,44,8,2
1,6,45,8,1
1,7,48,1,3
1,7,49,1,2
1,7,50,3,2
1,7,51,3,3
1,7,52,1,3
1,7,53,1,2
1,8,56,3,3
1,8,57,3,2
1,8,58,5,2
1,8,59,5,3
1,8,60,3,3
1,8,61,3,2
1,9,64,5,3
1,9,65,5,2
1,9,66,7,2
1,9,67,7,3
1,9,68,5,3
1,9,69,5,2
1,10,72,7,3
1,10,73,7,2
1,10,74,9,2
1,10,75,9,3
1,10,76,7,3
1,10,77,7,2
1,11,80,0,4
1,11,81,0,3
1,11,82,2,3
1,11,83,2,4
1,11,84,0,4
1,11,85,0,3
1,12,88,2,4
1,12,89,2,3
1,12,90,4,3
1,12,91,4,4
1,12,92,2,4
1,12,93,2,3
1,13,96,4,4
1,13,97,4,3
1,13,98,6,3
1,13,99,6,4
1,13,100,4,4
1,13,101,4,3
1,14,104,6,4
1,14,105,6,3
1,14,106,8,3
1,14,107,8,4
1,14,108,6,4
1,14,109,6,3
1,15,112,8,4
1,15,113,8,3
1,15,114,10,3
1,15,115,10,4
1,15,116,8,4
1,15,117,8,3
1,16,120,1,5
1,16,121,1,4
1,16,122,3,4
1,16,123,3,5
1,16,124,1,5
1,16,125,1,4
1,17,128,3,5
1,17,129,3,4
1,17,130,5,4
1,17,131,5,5
1,17,132,3,5
1,17,133,3,4
1,18,136,5,5
1,18,137,5,4
1,18,138,7,4
1,18,139,7,5
1,18,140,5,5
1,18,141,5,4
1,19,144,7,5
1,19,145,7,4
1,19,146,9,4
1,19,147,9,5
1,19,148,7,5
1,19,149,7,4
1,20,152,0,6
1,20,153,0,5
1,20,154,2,5
1,20,155,2,6
1,20,156,0,6
1,20,157,0,5
1,21,160,2,6
1,21,161,2,5
1,21,162,4,5
1,21,163,4,6
1,21,164,2,6
1,21,165,2,5
1,22,168,4,6
1,22,169,4,5
1,22,170,6,5
1,22,171,6,6
1,22,172,4,6
1,22,173,4,5
1,23,176,6,6
1,23,177,6,5
1,23,178,8,5
1,23,179,8,6
1,23,180,6,6
1,23,181,6,5
1,24,184,8,6
1,24,185,8,5
1,24,186,10,5
1,24,187,10,6
1,24,188,8,6
1,24,189,8,5
2,1,0,-4.9407649530658415e-05,0.99369196012160366
2,1,1,-4.9407654046813009e-05,-0.0057063600157698366
2,1,2,10.000049407657158,-0.0057063600197264164
2,1,3,10.000049407661674,0.99369196011764704
2,1,4,-4.9407649530658415e-05,0.99369196012160366
2,1,5,-4.9407654046813009e-05,-0.0057063600157698366
2,2,8,0.00035689402540809014,1.96322207270427
2,2,9,-0.001016658101388137,0.9639716166065696
2,2,10,1.9993022671322691,0.96107922981682725
2,2,11,2.0006758192590657,1.9603296859145278
2,2,12,0.00035689402540809014,1.96322207270427
2,2,13,-0.001016658101388137,0.9639716166065696
2,3,16,1.9998710464426839,1.9600994338385695
2,3,17,1.9997670816192472,0.96097805991267926
2,3,18,4.0001297071075808,0.96079545771989783
2,3,19,4.0002336719310163,1.9599168316457882
2,3,20,1.9998710464426839,1.9600994338385695
2,3,21,1.9997670816192472,0.96097805991267926
2,4,24,3.9998170620396341,1.9599633116343362
2,4,25,3.9998170619529505,0.96084444094648425
2,4,26,6.0001829382731193,0.96084444082433063
2,4,27,6.0001829383598038,1.9599633115121828
2,4,28,3.9998170620396341,1.9599633116343362
2,4,29,3.9998170619529505,0.96084444094648425
2,5,32,5.9997663284638394,1.9599168317633473
2,5,33,5.9998702931017762,0.96079545783655373
2,5,34,8.0002329185844605,0.96097805975109196
2,5,35,8.0001289539465219,1.9600994336778854
2,5,36,5.9997663284638394,1.9599168317633473
2,5,37,5.9998702931017762,0.96079545783655373
2,6,40,7.9993241810216071,1.9603296859454422
2,6,41,8.0006977330042108,0.96107922985178462
2,6,42,10.001016658224355,0.96397161641070916
2,6,43,9.9996431062417503,1.9632220725043663
2,6,44,7.9993241810216071,1.9603296859454422
2,6,45,8.0006977330042108,0.96107922985178462
2,7,48,1.0000499402430871,2.953971389654396
2,7,49,0.99989830000347169,1.9543183916042492
2,7,50,3.0000412548212116,1.9539796398377418
2,7,51,3.000192895060827,2.9536326378878885
2,7,52,1.0000499402430871,2.953971389654396
2,7,53,0.99989830000347169,1.9543183916042492
2,8,56,2.9999569339150911,2.9536627206012369
2,8,57,2.9999416456771608,1.9539833320506157
2,8,58,5.0000694701609492,1.9539555836931561
2,8,59,5.0000847583988781,2.9536349722437767
2,8,60,2.9999569339150911,2.9536627206012369
2,8,61,2.9999416456771608,1.9539833320506157
2,9,64,4.9999152418002266,2.9536349724535218
2,9,65,4.9999305297362682,1.9539555839027969
2,9,66,7.0000583542190915,1.9539833318325108
2,9,67,7.00004306628305,2.9536627203832362
2,9,68,4.9999152418002266,2.9536349724535218
2,9,69,4.9999305297362682,1.9539555839027969
2,10,72,6.9998071051648552,2.9536326380922313
2,10,73,6.9999587450304777,1.9539796400438598
2,10,74,9.0001016998470416,1.9543183912278812
2,10,75,8.9999500599814191,2.9539713892762531
2,10,76,6.9998071051648552,2.9536326380922313
2,10,77,6.9999587450304777,1.9539796400438598
2,11,80,-0.00032094749371402797,3.9503390714968321
2,11,81,0.0002287423098441777,2.9504042433214699
2,11,82,2.0002537127243407,2.9515521734280341
2,11,83,1.9997040229207825,3.9514870016033963
2,11,84,-0.00032094749371402797,3.9503390714968321
2,11,85,0.0002287423098441777,2.9504042433214699
2,12,88,2.0000043893865955,3.9513558978939516
2,12,89,2.0000138626219495,2.9514735033163548
2,12,90,4.0000545662495277,2.9514761160790659
2,12,91,4.0000450930141742,3.9513585106566627
2,12,92,2.0000043893865955,3.9513558978939516
2,12,93,2.0000138626219495,2.9514735033163548
2,13,96,3.9999779110583562,3.9513443529810299
2,13,97,3.9999779109015492,2.9514604087781624
2,13,98,6.0000220889351406,2.9514604085572858
2,13,99,6.0000220890919485,3.9513443527601533
2,13,100,3.9999779110583562,3.9513443529810299
2,13,101,3.9999779109015492,2.9514604087781624
2,14,104,5.9999549071534668,3.9513585108820481
2,14,105,5.9999454335713764,2.9514761163057397
2,14,106,7.9999861372000458,2.9514735030238826
2,14,107,7.9999956107821362,3.951355897600191
2,14,108,5.9999549071534668,3.9513585108820481
2,14,109,5.9999454335713764,2.9514761163057397
2,15,112,8.0002959772352522,3.9514870016792427
2,15,113,7.9997462871083416,2.9515521735027952
2,15,114,9.9997712575225197,2.9504042428332724
2,15,115,10.000320947649431,3.9503390710097199
2,15,116,8.0002959772352522,3.9514870016792427
2,15,117,7.9997462871083416,2.9515521735027952
2,16,120,0.9999280552978298,4.9504109258977893
2,16,121,0.99998591823615235,3.9504515478947684
2,16,122,3.0000088843547124,3.9505872203696204
2,16,123,2.9999510214163903,4.9505465983726422
2,16,124,0.9999280552978298,4.9504109258977893
2,16,125,0.99998591823615235,3.9504515478947684
2,17,128,2.9999912724421987,4.9505189200308024
2,17,129,2.9999915513782316,3.9505601894845648
2,17,130,5.0000089078247258,3.9505589498217359
2,17,131,5.0000086288886934,4.9505176803679722
2,17,132,2.9999912724421987,4.9505189200308024
2,17,133,2.9999915513782316,3.9505601894845648
2,18,136,4.9999913711849384,4.9505176805718625
2,18,137,4.9999910919451152,3.9505589500273603
2,18,138,7.0000084483923146,3.9505601892489026
2,18,139,7.0000087276321379,4.9505189197934047
2,18,140,4.9999913711849384,4.9505176805718625
2,18,141,4.9999910919451152,3.9505589500273603
2,19,144,7.000048978730856,4.9505465986174624
2,19,145,6.9999911153936489,3.950587220610926
2,19,146,9.0000140815115124,3.9504515474980222
2,19,147,9.0000719448487203,4.950410925504559
2,19,148,7.000048978730856,4.9505465986174624
2,19,149,6.9999911153936489,3.950587220610926
2,20,152,-8.0134739999427595e-05,5.950014841316059
2,20,153,2.7487999260213033e-05,4.9500196592133019
2,20,154,2.0000274207240221,4.9502437635180696
2,20,155,1.9999197979847625,5.9502389456208267
2,20,156,-8.0134739999427595e-05,5.950014841316059
2,20,157,2.7487999260213033e-05,4.9500196592133019
2,21,160,1.9999890646737606,5.950241186038296
2,21,161,1.999996915162829,4.9502512317990988
2,21,162,4.0000013828410772,4.9502681497087195
2,21,163,3.9999935323520086,5.9502581039479168
2,21,164,1.9999890646737606,5.950241186038296
2,21,165,1.999996915162829,4.9502512317990988
2,22,168,3.9999976921239755,5.9502519220414305
2,22,169,3.9999976919980087,4.950262072936888
2,22,170,6.0000023074923572,4.9502620727191209
2,22,171,6.0000023076183258,5.9502519218236634
2,22,172,3.9999976921239755,5.9502519220414305
2,22,173,3.9999976919980087,4.950262072936888
2,23,176,6.0000064673871689,5.9502581041386735
2,23,177,5.9999986166752199,4.9502681499003982
2,23,178,8.0000030843604204,4.9502512316113423
2,23,179,8.0000109350723694,5.9502411858496176
2,23,180,6.0000064673871689,5.9502581041386735
2,23,181,5.9999986166752199,4.9502681499003982
2,24,184,8.0000802018517359,5.9502389456672677
2,24,185,7.9999725789247158,4.9502437635624341
2,24,186,9.999972511668771,4.9500196589254344
2,24,187,10.000080134595791,5.950014841030268
2,24,188,8.0000802018517359,5.9502389456672677
2,24,189,7.9999725789247158,4.9502437635624341
3,1,0,-4.6860559123108518e-05,0.99440778420386478
3,1,1,-4.6266862846981968e-05,-0.005423534456560854
3,1,2,10.000045839476009,-0.005423352022470288
3,1,3,10.000045245779733,0.99440796663795539
3,1,4,-4.6860559123108518e-05,0.99440778420386478
3,1,5,-4.6266862846981968e-05,-0.005423534456560854
3,2,8,0.0063716677329866559,1.9507013493426586
3,2,9,-0.0079374250447640689,0.95128906500911958
3,2,10,1.9917771686993144,0.92140508340046756
3,2,11,2.0060862614770656,1.9208173677340066
3,2,12,0.0063716677329866559,1.9507013493426586
3,2,13,-0.0079374250447640689,0.95128906500911958
3,3,16,2.0007150783707894,1.9265412061918057
3,3,17,2.0005229859660085,0.92667613379200242
3,3,18,4.0003738566800582,0.92649728498757999
3,3,19,4.0005659490848373,1.9263623573873836
3,3,20,2.0007150783707894,1.9265412061918057
3,3,21,2.0005229859660085,0.92667613379200242
3,4,24,3.9999964982294141,1.9265858511678295
3,4,25,3.9999964346610626,0.92672456560010141
3,4,26,6.0000040149060663,0.92672455280240151
3,4,27,6.0000040784744177,1.92658583837013
3,4,28,3.9999964982294141,1.9265858511678295
3,4,29,3.9999964346610626,0.92672456560010141
3,5,32,5.9994368269095961,1.9263636531679185
3,5,33,5.999626245557101,0.9264988112729341
3,5,34,7.9994779354272572,0.92667240604083956
3,5,35,7.9992885167797505,1.9265372479358238
3,5,36,5.9994368269095961,1.9263636531679185
3,5,37,5.999626245557101,0.9264988112729341
3,6,40,7.9939347742962354,1.9207862828367082
3,6,41,8.0082789122609341,0.92136871966108047
3,6,42,10.007948256917377,0.95131815816666698
3,6,43,9.9936041189526783,1.950735721342294
3,6,44,7.9939347742962354,1.9207862828367082
3,6,45,8.0082789122609341,0.92136871966108047
3,7,48,1.0007413501529809,2.9244389295460311
3,7,49,0.99985038701813123,1.9247118307379154
3,7,50,2.9998747531701344,1.9226568100477828
3,7,51,3.0007657163049837,2.9223839088558985
3,7,52,1.0007413501529809,2.9244389295460311
3,7,53,0.99985038701813123,1.9247118307379154
3,8,56,3.0000605375259348,2.9228778084583062
3,8,57,3.0000694732716893,1.9230971120717648
3,8,58,5.0001231573392921,1.9231330803106352
3,8,59,5.0001142215935355,2.9229137766971762
3,8,60,3.0000605375259348,2.9228778084583062
3,8,61,3.0000694732716893,1.9230971120717648
3,9,64,4.9998860282445472,2.9229137758355099
3,9,65,4.9998771267808362,1.9231330901354309
3,9,66,6.9999308454170466,1.9230970444729933
3,9,67,6.9999397468807576,2.9228777301730728
3,9,68,4.9998860282445472,2.9229137758355099
3,9,69,4.9998771267808362,1.9231330901354309
3,10,72,6.9992343348626456,2.9223831475644095
3,10,73,7.0001258357328799,1.9226560003233644
3,10,74,9.0001501097567704,1.9247120628467387
3,10,75,8.9992586088865387,2.9244392100877845
3,10,76,6.9992343348626456,2.9223831475644095
3,10,77,7.0001258357328799,1.9226560003233644
3,11,80,-0.00041927669152524836,3.9192602977153852
3,11,81,0.00038508616846718593,2.9193478815604914
3,11,82,2.0004248907739091,2.9209889976610972
3,11,83,1.999620527913917,3.920901413815991
3,11,84,-0.00041927669152524836,3.9192602977153852
3,11,85,0.00038508616846718593,2.9193478815604914
3,12,88,2.000077694085824,3.9205801310426174
3,12,89,2.0000871516290255,2.9207079311320951
3,12,90,4.0001176408671721,2.9206782047635751
3,12,91,4.0001081833239702,3.9205504046740973
3,12,92,2.000077694085824,3.9205801310426174
3,12,93,2.0000871516290255,2.9207079311320951
3,13,96,3.9999800204071208,3.920553803051376
3,13,97,3.9999800236112719,2.92068217503506
3,13,98,6.0000200183760564,2.9206821724501046
3,13,99,6.0000200151719065,3.9205538004664207
3,13,100,3.9999800204071208,3.920553803051376
3,13,101,3.9999800236112719,2.92068217503506
3,14,104,5.9998918467887865,3.9205503482552655
3,14,105,5.9998823830037775,2.9206781367757162
3,14,106,7.9999128598536426,2.9207078410955218
3,14,107,7.9999223236386516,3.9205800525750711
3,14,108,5.9998918467887865,3.9205503482552655
3,14,109,5.9998823830037775,2.9206781367757162
3,15,112,8.0003794427974277,3.9209013427840542
3,15,113,7.9995751557636794,2.920988927709061
3,15,114,9.9996149584870473,2.9193479676332945
3,15,115,10.000419245520799,3.9192603827082877
3,15,116,8.0003794427974277,3.9209013427840542
3,15,117,7.9995751557636794,2.920988927709061
3,16,120,0.99989352009022059,4.9192734910539135
3,16,121,0.99998257095754639,3.9193348492326985
3,16,122,3.0000173235214871,3.919537145891471
3,16,123,2.9999282726541612,4.9194757877126856
3,16,124,0.99989352009022059,4.9192734910539135
3,16,125,0.99998257095754639,3.9193348492326985
3,17,128,2.9999895913925836,4.91942084309101
3,17,129,2.9999939554630961,3.9194792725543328
3,17,130,5.0000175737526478,3.9194841796301616
3,17,131,5.0000132096821357,4.9194257501668384
3,17,132,2.9999895913925836,4.91942084309101
3,17,133,2.9999939554630961,3.9194792725543328
3,18,136,4.999986799058413,4.9194257486731647
3,18,137,4.9999824288900694,3.9194841770695623
3,18,138,7.0000060465837519,3.9194792546496755
3,18,139,7.0000104167520956,4.9194208262532788
3,18,140,4.999986799058413,4.9194257486731647
3,18,141,4.9999824288900694,3.9194841770695623
3,19,144,7.0000717228300386,4.9194757630984389
3,19,145,6.9999826805075607,3.9195371194090449
3,19,146,9.0000174315180033,3.9193348416896105
3,19,147,9.0001064738404821,4.919273485379005
3,19,148,7.0000717228300386,4.9194757630984389
3,19,149,6.9999826805075607,3.9195371194090449
3,20,152,-0.00016344489772901607,5.9185317578580889
3,20,153,5.430125007569732e-05,4.9185401233405734
3,20,154,2.0000540918006382,4.9189904271307174
3,20,155,1.9998363456528336,5.9189820616482329
3,20,156,-0.00016344489772901607,5.9185317578580889
3,20,157,5.430125007569732e-05,4.9185401233405734
3,21,160,1.9999829210670033,5.9189821632867883
3,21,161,1.9999959315199705,4.9189983319539055
3,21,162,4.0000027465369179,4.9190253842163614
3,21,163,3.9999897360839505,5.9190092155492442
3,21,164,1.9999829210670033,5.9189821632867883
3,21,165,1.9999959315199705,4.9189983319539055
3,22,168,3.9999963062497916,5.9189987598473026
3,22,169,3.9999963049844096,4.9190150476659582
3,22,170,6.000003695080558,4.9190150448029124
3,22,171,6.0000036963459422,5.9189987569842568
3,22,172,3.9999963062497916,5.9189987598473026
3,22,173,3.9999963049844096,4.9190150476659582
3,23,176,6.0000102642731257,5.9190092102224527
3,23,177,5.9999972534073933,4.9190253784573059
3,23,178,8.0000040680737978,4.9189983252162373
3,23,179,8.0000170789395302,5.9189821569813841
3,23,180,6.0000102642731257,5.9190092102224527
3,23,181,5.9999972534073933,4.9190253784573059
3,24,184,8.0001636515370116,5.9189820561598046
3,24,185,7.9999459081172244,4.9189904215461313
3,24,186,9.9999456987759956,4.9185401237631572
3,24,187,10.000163442195783,5.9185317583768304
3,24,188,8.0001636515370116,5.9189820561598046
3,24,189,7.9999459081172244,4.9189904215461313
4,1,0,-9.0930624965799041e-05,0.99434833708957349
4,1,1,-9.1914181603544365e-05,-0.0054399422572477757
4,1,2,10.000092278914641,-0.0054418519520428223
4,1,3,10.00009326247128,0.99434642739477852
4,1,4,-9.0930624965799041e-05,0.99434833708957349
4,1,5,-9.1914181603544365e-05,-0.0054399422572477757
4,2,8,0.01404501776478006,1.9381646337358327
4,2,9,-0.018015002817360702,0.9392595213495315
4,2,10,1.9805316827570276,0.87317842286665059
4,2,11,2.0125917033391687,1.8720835352529517
4,2,12,0.01404501776478006,1.9381646337358327
4,2,13,-0.018015002817360702,0.9392595213495315
4,3,16,2.0021022234374888,1.885600488412335
4,3,17,2.001856447486583,0.8856395331343897
4,3,18,4.001356031755213,0.88557561977068044
4,3,19,4.001601807706118,1.8855365750486259
4,3,20,2.0021022234374888,1.885600488412335
4,3,21,2.001856447486583,0.8856395331343897
4,4,24,4.00009522691977,1.8860405195890249
4,4,25,4.0000957732844968,0.88609110054087337
4,4,26,5.9999121321260036,0.88609301879740976
4,4,27,5.9999115857612768,1.8860424378455616
4,4,28,4.00009522691977,1.8860405195890249
4,4,29,4.0000957732844968,0.88609110054087337
4,5,32,5.9984237025624028,1.8855502510215632
4,5,33,5.9986527494672854,0.88559161469682102
4,5,34,7.9981598750494669,0.8856297170566777
4,5,35,7.9979308281445824,1.8855883533814197
4,5,36,5.9984237025624028,1.8855502510215632
4,5,37,5.9986527494672854,0.88559161469682102
4,6,40,7.987377833402892,1.8720264997633957
4,6,41,8.0195229234136605,0.87311275979008718
4,6,42,10.017967881927904,0.93936162741639972
4,6,43,9.9858227919171334,1.938275367389708
4,6,44,7.987377833402892,1.8720264997633957
4,6,45,8.0195229234136605,0.87311275979008718
4,7,48,1.002057067881716,2.8884567662039249
4,7,49,0.99964934677238482,1.8887418856634228
4,7,50,2.9995555551315864,1.8833427224366492
4,7,51,3.0019632762409172,2.8830576029771517
4,7,52,1.002057067881716,2.8884567662039249
4,7,53,0.99964934677238482,1.8887418856634228
4,8,56,3.0003165246735071,2.8838833192809177
4,8,57,3.0003730038901808,1.8840072295606938
4,8,58,5.0003060158347585,1.884151590892498
4,8,59,5.0002495366180835,2.8840276806127214
4,8,60,3.0003165246735071,2.8838833192809177
4,8,61,3.0003730038901808,1.8840072295606938
4,9,64,4.999752197077826,2.8840270067051748
4,9,65,4.9996982335447511,1.8841511127534614
4,9,66,6.9996315309666199,1.8840106472536218
4,9,67,6.9996854944996949,2.8838865412053356
4,9,68,4.999752197077826,2.8840270067051748
4,9,69,4.9996982335447511,1.8841511127534614
4,10,72,6.998034236906995,2.8830579118273412
4,10,73,7.0004438657114747,1.8833430932971245
4,10,74,9.0003484561010048,1.8887473944054876
4,10,75,8.9979388272965259,2.8884622129357047
4,10,76,6.998034236906995,2.8830579118273412
4,10,77,7.0004438657114747,1.8833430932971245
4,11,80,-0.00035861620144231191,3.8811670210549525
4,11,81,0.00063230924760101993,2.8812838612174825
4,11,82,2.0006938386711575,2.8832570224527498
4,11,83,1.9997029132221145,3.8831401822902198
4,11,84,-0.00035861620144231191,3.8811670210549525
4,11,85,0.00063230924760101993,2.8812838612174825
4,12,88,2.0003053799258139,3.8823925772923702
4,12,89,2.0002029997357469,2.8825055631088587
4,12,90,4.0001973498827814,2.882181592395844
4,12,91,4.0002997300728484,3.8820686065793555
4,12,92,2.0003053799258139,3.8823925772923702
4,12,93,2.0002029997357469,2.8825055631088587
4,13,96,3.9999962779783971,3.8821280981840842
4,13,97,3.9999965569245668,2.8822361103025762
4,13,98,6.0000040165834738,2.8822366419099752
4,13,99,6.0000037376373072,3.8821286297914832
4,13,100,3.9999962779783971,3.8821280981840842
4,13,101,3.9999965569245668,2.8822361103025762
4,14,104,5.9997002127804828,3.8820689218682731
4,14,105,5.9998029470992282,2.8821819607175523
4,14,106,7.9997971970131738,2.8825066825640762
4,14,107,7.9996944626944284,3.882393643714797
4,14,108,5.9997002127804828,3.8820689218682731
4,14,109,5.9998029470992282,2.8821819607175523
4,15,112,8.0002969426404711,3.8831412331700763
4,15,113,7.9993057281829545,2.8832581421110564
4,15,114,9.9993672898428585,2.8812844551094594
4,15,115,10.000358504300381,3.8811675461684794
4,15,116,8.0002969426404711,3.8831412331700763
4,15,117,7.9993057281829545,2.8832581421110564
4,16,120,0.99991389557917754,4.8809306589002794
4,16,121,0.99999620615760265,3.8810110850975446
4,16,122,3.0000414770662189,3.8811878253858412
4,16,123,2.9999591664877934,4.8811073991885756
4,16,124,0.99991389557917754,4.8809306589002794
4,16,125,0.99999620615760265,3.8810110850975446
4,17,128,3.0000076138683944,4.8809734174610586
4,17,129,3.0000122645343748,3.8810358773646381
4,17,130,5.000032657133394,3.8810327060193019
4,17,131,5.0000280064674145,4.8809702461157221
4,17,132,3.0000076138683944,4.8809734174610586
4,17,133,3.0000122645343748,3.8810358773646381
4,18,136,4.9999719306599397,4.8809702575144476
4,18,137,4.9999673819139732,3.8810327295751144
4,18,138,6.9999877760978668,3.8810361236125406
4,18,139,6.9999923248438334,4.8809736515518756
4,18,140,4.9999719306599397,4.8809702575144476
4,18,141,4.9999673819139732,3.8810327295751144
4,19,144,7.0000408052503253,4.8811076764713039
4,19,145,6.9999584980530427,3.8811881321631918
4,19,146,9.000003779810962,3.8810114052847688
4,19,147,9.000086087008242,4.8809309495928801
4,19,148,7.0000408052503253,4.8811076764713039
4,19,149,6.9999584980530427,3.8811881321631918
4,20,152,-0.00030004493811704256,5.8796759523161457
4,20,153,9.8295663519804672e-05,4.8796886068709284
4,20,154,2.0000982598372778,4.8805048875713686
4,20,155,1.9996999192356411,5.8804922330165859
4,20,156,-0.00030004493811704256,5.8796759523161457
4,20,157,9.8295663519804672e-05,4.8796886068709284
4,21,160,1.9999990352799406,5.8804720713430276
4,21,161,1.9999994208195928,4.8804926688167942
4,21,162,4.000006683920744,4.8804903234366526
4,21,163,4.0000062983810905,5.880469725962886
4,21,164,1.9999990352799406,5.8804720713430276
4,21,165,1.9999994208195928,4.8804926688167942
4,22,168,3.9999957964059312,5.880454335015644
4,22,169,3.9999958175677177,4.88047411069366
4,22,170,6.00000418308188,4.8804741567833698
4,22,171,6.0000041619200957,5.8804543811053538
4,22,172,3.9999957964059312,5.880454335015644
4,22,173,3.9999958175677177,4.88047411069366
4,23,176,5.9999936693783775,5.880469788696403
4,23,177,5.9999933123556213,4.8804903912003361
4,23,178,8.0000005773970511,4.8804927991107485
4,23,179,8.0000009344198091,5.8804721966068154
4,23,180,5.9999936693783775,5.880469788696403
4,23,181,5.9999933123556213,4.8804903912003361
4,24,184,8.0003001131367668,5.880492359778092
4,24,185,7.9999017145917373,4.8805050179744267
4,24,186,9.9999016795893922,4.879688617560884
4,24,187,10.000300078134421,5.8796759593645493
4,24,188,8.0003001131367668,5.880492359778092
4,24,189,7.9999017145917373,4.8805050179744267
5,1,0,-0.00012910370812300109,0.99425857466741607
5,1,1,-0.00013377538052880805,-0.0054966849921215715
5,1,2,10.000136500660322,-0.0055026313455750963
5,1,3,10.000141172332729,0.99425262831396266
5,1,4,-0.00012910370812300109,0.99425857466741607
5,1,5,-0.00013377538052880805,-0.0054966849921215715
5,2,8,0.020413141701002904,1.9293429610715029
5,2,9,-0.026772339307532464,0.93110428644687271
5,2,10,1.9702873929533913,0.83427193923319976
5,2,11,2.0174728739619265,1.83251061385783
5,2,12,0.020413141701002904,1.9293429610715029
5,2,13,-0.026772339307532464,0.93110428644687271
5,3,16,2.0034219565449942,1.8519086720664215
5,3,17,2.0034689106690546,0.85191143509771994
5,3,18,4.0027221516186939,0.8526950972217725
5,3,19,4.0026751974946322,1.8526923341904742
5,3,20,2.0034219565449942,1.8519086720664215
5,3,21,2.0034689106690546,0.85191143509771994
5,4,24,4.000196442254464,1.8533293150454115
5,4,25,4.0002002561378394,0.85333213675986064
5,4,26,5.999827183528021,0.85334102878320051
5,4,27,5.9998233696446457,1.8533382070687519
5,4,28,4.000196442254464,1.8533293150454115
5,4,29,4.0002002561378394,0.85333213675986064
5,5,32,5.9973941605987813,1.8527271774766292
5,5,33,5.9973197283402895,0.85273523895980829
5,5,34,7.9965886868089626,0.85192231024845066
5,5,35,7.9966631190674526,1.8519142487652716
5,5,36,5.9973941605987813,1.8527271774766292
5,5,37,5.9973197283402895,0.85273523895980829
5,6,40,7.9823541188818963,1.8324676897365986
5,6,41,8.0296523069676358,0.83421692461144004
5,6,42,10.026536458900681,0.93128210386518617
5,6,43,9.9792382708149407,1.9295328689903444
5,6,44,7.9823541188818963,1.8324676897365986
5,6,45,8.0296523069676358,0.83421692461144004
5,7,48,1.003394352744903,2.8597332699877707
5,7,49,0.99935341095093555,1.8600655310650993
5,7,50,2.9991517306371946,1.8511685376138667
5,7,51,3.0031926724311617,2.8508362765365383
5,7,52,1.003394352744903,2.8597332699877707
5,7,53,0.99935341095093555,1.8600655310650993
5,8,56,3.0005184508510419,2.8518717696168481
5,8,57,3.0005473148598436,1.8519393864098916
5,8,58,5.0004086987161598,1.8520839083173393
5,8,59,5.0003798347073571,2.8520162915242953
5,8,60,3.0005184508510419,2.8518717696168481
5,8,61,3.0005473148598436,1.8519393864098916
5,9,64,4.9996193199854195,2.8520168231342318
5,9,65,4.99959525207775,1.8520849557589554
5,9,66,6.9994561920516896,1.8519502032850184
5,9,67,6.9994802599593591,2.8518820706602961
5,9,68,4.9996193199854195,2.8520168231342318
5,9,69,4.99959525207775,1.8520849557589554
5,10,72,6.9967949376033509,2.8508472944642538
5,10,73,7.0008328193957885,1.85118001741321
5,10,74,9.0006279049562057,1.8600769483974489
5,10,75,8.9965900231637708,2.8597442254484942
5,10,76,6.9967949376033509,2.8508472944642538
5,10,77,7.0008328193957885,1.85118001741321
5,11,80,-0.00020872467134142256,3.8503189296029081
5,11,81,0.00088581158634577762,2.8504661651327563
5,11,82,2.0009652988688127,2.8526088225399935
5,11,83,1.9998707626111256,3.8524615870101453
5,11,84,-0.00020872467134142256,3.8503189296029081
5,11,85,0.00088581158634577762,2.8504661651327563
5,12,88,2.0005530321972906,3.8512651959172968
5,12,89,2.000230287292156,2.8513633875550797
5,12,90,4.0001861405673536,2.8505417315294586
5,12,91,4.00050888547249,3.8504435398916756
5,12,92,2.0005530321972906,3.8512651959172968
5,12,93,2.000230287292156,2.8513633875550797
5,13,96,4.0000103768612236,3.8505721118896949
5,13,97,4.0000111259685518,2.8506560662868661
5,13,98,5.9999894357910879,2.850657739495928
5,13,99,5.9999886866837624,3.8505737850987569
5,13,100,4.0000103768612236,3.8505721118896949
5,13,101,4.0000111259685518,2.8506560662868661
5,14,104,5.9994901631467306,3.8504454603789244
5,14,105,5.9998134067085962,2.8505438671188514
5,14,106,7.9997690607936915,2.8513669513508648
5,14,107,7.9994458172318259,3.8512685446109378
5,14,108,5.9994901631467306,3.8504454603789244
5,14,109,5.9998134067085962,2.8505438671188514
5,15,112,8.0001289218406093,3.8524660817082519
5,15,113,7.9990319281766826,2.8526135083835293
5,15,114,9.9991115829396904,2.8504662043901097
5,15,115,10.000208576603624,3.8503187777148322
5,15,116,8.0001289218406093,3.8524660817082519
5,15,117,7.9990319281766826,2.8526135083835293
5,16,120,0.99998297379516987,4.8497533428017467
5,16,121,1.0000180032687378,3.8498489927788309
5,16,122,3.0000707391095505,3.849911682587698
5,16,123,3.000035709635982,4.8498160326106126
5,16,124,0.99998297379516987,4.8497533428017467
5,16,125,1.0000180032687378,3.8498489927788309
5,17,128,3.0000401444423574,4.849568528426075
5,17,129,3.0000321268499754,3.8496262628321913
5,17,130,5.0000440816321916,3.849585547887787
5,17,131,5.0000520992245745,4.8495278134816715
5,17,132,3.0000401444423574,4.849568528426075
5,17,133,3.0000321268499754,3.8496262628321913
5,18,136,4.9999475293060405,4.8495279404086045
5,18,137,4.9999558843344509,3.8495857248647578
5,18,138,6.9999678540466723,3.8496272391354345
5,18,139,6.9999594990182619,4.8495694546792834
5,18,140,4.9999475293060405,4.8495279404086045
5,18,141,4.9999558843344509,3.8495857248647578
5,19,144,6.9999642077854229,4.8498172247507805
5,19,145,6.9999290513777632,3.8499129775498555
5,19,146,8.9999818391243238,3.8498500576949031
5,19,147,9.0000169955319809,4.8497543048958258
5,19,148,6.9999642077854229,4.8498172247507805
5,19,149,6.9999290513777632,3.8499129775498555
5,20,152,-0.00042543953526858976,5.8480182731011299
5,20,153,0.00014242739695341386,4.8480345768464463
5,20,154,2.0001429814846317,4.8491919033168722
5,20,155,1.9995751145524099,5.8491755995715558
5,20,156,-0.00042543953526858976,5.8480182731011299
5,20,157,0.00014242739695341386,4.8480345768464463
5,21,160,2.0000431029582564,5.8491216783734883
5,21,161,2.0000065919061965,4.8491441222427047
5,21,162,4.0000125776917539,4.8490612954314551
5,21,163,4.0000490887438129,5.8490388515622387
5,21,164,2.0000431029582564,5.8491216783734883
5,21,165,2.0000065919061965,4.8491441222427047
5,22,168,3.9999962795240416,5.8490177069576976
5,22,169,3.9999963689250775,4.8490375605330565
5,22,170,6.000003608151478,4.849037757375287
5,22,171,6.0000035187504457,5.8490179037999281
5,22,172,3.9999962795240416,5.8490177069576976
5,22,173,3.9999963689250775,4.8490375605330565
5,23,176,5.9999507838053416,5.8490391557201509
5,23,177,5.9999873873570753,4.8490616194404765
5,23,178,7.9999933835138197,4.8491446531699989
5,23,179,7.9999567799620879,5.8491221894496732
5,23,180,5.9999507838053416,5.8490391557201509
5,23,181,5.9999873873570753,4.8490616194404765
5,24,184,8.0004250265183376,5.849176102830401
5,24,185,7.9998569228503191,4.8491924187358899
5,24,186,9.9998574788492629,4.848034603191647
5,24,187,10.000425582517279,5.8480182872861581
5,24,188,8.0004250265183376,5.849176102830401
5,24,189,7.9998569228503191,4.8491924187358899
6,1,0,-0.00017877654039678888,0.99415721683491654
6,1,1,-0.00018694673110919907,-0.0055630359370543178
6,1,2,10.000192190126368,-0.0055745868768722609
6,1,3,10.000200360317081,0.99414566589509867
6,1,4,-0.00017877654039678888,0.99415721683491654
6,1,5,-0.00018694673110919907,-0.0055630359370543178
6,2,8,0.028296553491086555,1.9197555712315735
6,2,9,-0.038007643682088817,0.9226811042014561
6,2,10,1.9565155911614278,0.78704845870921414
6,2,11,2.0228197883346035,1.7841229257393314
6,2,12,0.028296553491086555,1.9197555712315735
6,2,13,-0.038007643682088817,0.9226811042014561
6,3,16,2.0052573511531877,1.810011121233164
6,3,17,2.0059705532676797,0.80998476970724642
6,3,18,4.0049416331075474,0.8124135996792593
6,3,19,4.0042284309930549,1.812439951205177
6,3,20,2.0052573511531877,1.810011121233164
6,3,21,2.0059705532676797,0.80998476970724642
6,4,24,4.0003483788222569,1.8132962398913586
6,4,25,4.0003614057154904,0.8132488589312421
6,4,26,5.9997097829163835,0.81327614621692412
6,4,27,5.99969675602315,1.8133235271770409
6,4,28,4.0003483788222569,1.8132962398913586
6,4,29,4.0003614057154904,0.8132488589312421
6,5,32,5.9959004542491483,1.8125190857933382
6,5,33,5.9951641585738065,0.81250124255346146
6,5,34,7.9941591168399739,0.8100676728184093
6,5,35,7.994895412515314,1.8100855160582863
6,5,36,5.9959004542491483,1.8125190857933382
6,5,37,5.9951641585738065,0.81250124255346146
6,6,40,7.9766793808982426,1.7840591264368588
6,6,41,8.0432100937671436,0.78697742412244465
6,6,42,10.037469108546977,0.92307754692503308
6,6,43,9.9709383956780755,1.920159249239447
6,6,44,7.9766793808982426,1.7840591264368588
6,6,45,8.0432100937671436,0.78697742412244465
6,7,48,1.0052314547137462,2.825126031247911
6,7,49,0.9986403499805846,1.8255366810702305
6,7,50,2.9982670554258255,1.8112273614283156
6,7,51,3.0048581601589874,2.8108167116059963
6,7,52,1.0052314547137462,2.825126031247911
6,7,53,0.9986403499805846,1.8255366810702305
6,8,56,3.0008332342371351,2.8125866071026571
6,8,57,3.0006515100113549,1.8126091555277404
6,8,58,5.0004268486049197,1.8123877156994699
6,8,59,5.0006085728306999,2.8123651672743861
6,8,60,3.0008332342371351,2.8125866071026571
6,8,61,3.0006515100113549,1.8126091555277404
6,9,64,4.9993877142186252,2.812364105776096
6,9,65,4.9995809689273694,1.8123870562168982
6,9,66,6.9993552158195955,1.8126304850102184
6,9,67,6.9991619611108513,2.8126075345694175
6,9,68,4.9993877142186252,2.812364105776096
6,9,69,4.9995809689273694,1.8123870562168982
6,10,72,6.9951031397925929,2.8108585740011311
6,10,73,7.0016787719231939,1.8112704838778195
6,10,74,9.0012977056828802,1.8255639091375233
6,10,75,8.9947220735522802,2.8251519992608363
6,10,76,6.9951031397925929,2.8108585740011311
6,10,77,7.0016787719231939,1.8112704838778195
6,11,80,0.00013141398630674213,3.8127300442328607
6,11,81,0.0012544653718268176,2.8129207488747365
6,11,82,2.0013570977643012,2.8150647439619489
6,11,83,2.0002340463787811,3.8148740393200731
6,11,84,0.00013141398630674213,3.8127300442328607
6,11,85,0.0012544653718268176,2.8129207488747365
6,12,88,2.0009591487373801,3.8130539937239067
6,12,89,2.0002818318896995,2.8131451523683939
6,12,90,4.000187775233945,2.8115080973700399
6,12,91,4.0008650920816278,3.8114169387255528
6,12,92,2.0009591487373801,3.8130539937239067
6,12,93,2.0002818318896995,2.8131451523683939
6,13,96,4.0000323242440281,3.8115233734161391
6,13,97,4.0000339615650766,2.8115750297295445
6,13,98,5.9999656243324742,2.8115787091318865
6,13,99,5.9999639870114283,3.811527052818481
6,13,100,4.0000323242440281,3.8115233734161391
6,13,101,4.0000339615650766,2.8115750297295445
6,14,104,5.9991299262304096,3.8114220583406211
6,14,105,5.999808741449729,2.8115136908202749
6,14,106,7.9997139702262068,2.8131555882023362
6,14,107,7.9990351550068874,3.8130639557226824
6,14,108,5.9991299262304096,3.8114220583406211
6,14,109,5.999808741449729,2.8115136908202749
6,15,112,7.9997648902328686,3.8148891915137879
6,15,113,7.998632364799998,2.8150804147477761
6,15,114,9.9987354542472424,2.8129182196302178
6,15,115,9.999867979680122,3.8127269963962296
6,15,116,7.9997648902328686,3.8148891915137879
6,15,117,7.998632364799998,2.8150804147477761
6,16,120,1.0001502953790653,4.8115195029267817
6,16,121,1.0000707715742387,3.8116364586754505
6,16,122,3.000132088865139,3.8114339446798771
6,16,123,3.0002116126699647,4.8113169889312077
6,16,124,1.0001502953790653,4.8115195029267817
6,16,125,1.0000707715742387,3.8116364586754505
6,17,128,3.0001154393101896,4.8108560345798521
6,17,129,3.0000584790156122,3.8109041944994417
6,17,130,5.0000538205595388,3.8107391843842318
6,17,131,5.0001107808541185,4.8106910244646421
6,17,132,3.0001154393101896,4.8108560345798521
6,17,133,3.0000584790156122,3.8109041944994417
6,18,136,4.9998876870684299,4.8106915167580153
6,18,137,4.9999455495295235,3.8107397959081601
6,18,138,6.9999409066860494,3.81090706851854
6,18,139,6.9998830442249558,4.8108587893683996
6,18,140,4.9998876870684299,4.8106915167580153
6,18,141,4.9999455495295235,3.8107397959081601
6,19,144,6.9997879279947028,4.8113212950127595
6,19,145,6.9998667990755123,3.8114385587596429
6,19,146,8.9999283045647989,3.8116399036414439
6,19,147,8.9998494334839858,4.8115226398945579
6,19,148,6.9997879279947028,4.8113212950127595
6,19,149,6.9998667990755123,3.8114385587596429
6,20,152,-0.00059028482838798283,5.809093661139709
6,20,153,0.00021526420672305629,4.8091150010027137
6,20,154,2.0002173158563745,4.8107477867353232
6,20,155,1.9994117668212634,5.8107264468723185
6,20,156,-0.00059028482838798283,5.809093661139709
6,20,157,0.00021526420672305629,4.8091150010027137
6,21,160,2.0001668592453985,5.8106018861793238
6,21,161,2.0000274028479956,4.8106256063569752
6,21,162,4.0000299525361847,4.8103242615199981
6,21,163,4.000169408933588,5.8103005413423467
6,21,164,2.0001668592453985,5.8106018861793238
6,21,165,2.0000274028479956,4.8106256063569752
6,22,168,3.9999980306557172,5.8102627386479728
6,22,169,3.9999983218536173,4.8102804385954041
6,22,170,6.0000014527913539,4.8102810812706096
6,22,171,6.0000011615934579,5.8102633813231783
6,22,172,3.9999980306557172,5.8102627386479728
6,22,173,3.9999983218536173,4.8102804385954041
6,23,176,5.9998300272217371,5.810301706619371
6,23,177,5.9999698322080501,4.8103254865702176
6,23,178,7.9999724178713469,4.8106276153076353
6,23,179,7.9998326128850357,5.8106038353567886
6,23,180,5.9998300272217371,5.810301706619371
6,23,181,5.9999698322080501,4.8103254865702176
6,24,184,8.0005887869908037,5.8107283998306825
6,24,185,7.9997822970699879,4.8107497773754666
6,24,186,9.9997843549759509,4.8091150635925617
6,24,187,10.000590844896765,5.8090936860477775
6,24,188,8.0005887869908037,5.8107283998306825
6,24,189,7.9997822970699879,4.8107497773754666
7,1,0,-9.555716012540063e-06,0.99490384891513695
7,1,1,-9.8329794980131685e-06,-0.0050926079918084026
7,1,2,10.000011368643047,-0.0050933234492418298
7,1,3,10.000011645906532,0.99490313345770365
7,1,4,-9.555716012540063e-06,0.99490384891513695
7,1,5,-9.8329794980131685e-06,-0.0050926079918084026
7,2,8,0.025193362802837242,1.8857576626069568
7,2,9,-0.039814506060738906,0.88776375068566926
7,2,10,1.9552474596948124,0.75707016554639139
7,2,11,2.0202553285583891,1.7550640774676791
7,2,12,0.025193362802837242,1.8857576626069568
7,2,13,-0.039814506060738906,0.88776375068566926
7,3,16,2.0066330191863653,1.7801148989772464
7,3,17,2.0057624952331086,0.78000473271787385
7,3,18,4.0048267357432792,0.7787820609090762
7,3,19,4.005697259696535,1.7788922271684486
7,3,20,2.0066330191863653,1.7801148989772464
7,3,21,2.0057624952331086,0.78000473271787385
7,4,24,4.0004006269936303,1.7806093590963663
7,4,25,4.0004167093102891,0.78053123613400699
7,4,26,5.999652854892032,0.78056036146110352
7,4,27,5.9996367725753732,1.7806384844234633
7,4,28,4.0004006269936303,1.7806093590963663
7,4,29,4.0004167093102891,0.78053123613400699
7,5,32,5.9943215379063179,1.7789069536744968
7,5,33,5.9952693734772167,0.77879498829206772
7,5,34,7.9943158867214867,0.78015611021254327
7,5,35,7.9933680511505862,1.7802680755949725
7,5,36,5.9943215379063179,1.7789069536744968
7,5,37,5.9952693734772167,0.77879498829206772
7,6,40,7.9792517843998327,1.7550704034133657
7,6,41,8.0444156718801239,0.75708263774479589
7,6,42,10.039427498576769,0.8880898497709796
7,6,43,9.9742636110964789,1.8860776154395491
7,6,44,7.9792517843998327,1.7550704034133657
7,6,45,8.0444156718801239,0.75708263774479589
7,7,48,1.0029384884282866,2.7883165160384142
7,7,49,0.99910724881684998,1.7884230881872796
7,7,50,2.9990714663322695,1.7806680938448329
7,7,51,3.0029027059437063,2.7805615216959678
7,7,52,1.0029384884282866,2.7883165160384142
7,7,53,0.99910724881684998,1.7884230881872796
7,8,56,3.0007618773358997,2.7805522028690879
7,8,57,3.0004972538688137,1.7805585429426973
7,8,58,5.0003332411617674,1.7800781630991955
7,8,59,5.0005978646288547,2.7800718230255859
7,8,60,3.0007618773358997,2.7805522028690879
7,8,61,3.0004972538688137,1.7805585429426973
7,9,64,4.9993960301335152,2.7800690631566938
7,9,65,4.9996766909214241,1.7800756317871793
7,9,66,6.9995112260364385,1.7805863760931775
7,9,67,6.9992305652485296,2.7805798074626931
7,9,68,4.9993960301335152,2.7800690631566938
7,9,69,4.9996766909214241,1.7800756317871793
7,10,72,6.9970642714262636,2.7806023971444573
7,10,73,7.0008802326503883,1.7807090897384374
7,10,74,9.0008435786962675,1.7884360079531711
7,10,75,8.997027617472142,2.7883293153591922
7,10,76,6.9970642714262636,2.7806023971444573
7,10,77,7.0008802326503883,1.7807090897384374
7,11,80,0.00041519229387195844,3.7815664613199145
7,11,81,0.0011134384557726779,2.7816898556586738
7,11,82,2.001162224545602,2.7830250083699406
7,11,83,2.0004639783837015,3.7829016140311813
7,11,84,0.00041519229387195844,3.7815664613199145
7,11,85,0.0011134384557726779,2.7816898556586738
7,12,88,2.0009376465055535,3.7811320224071117
7,12,89,2.0002638174128524,2.7811928923514362
7,12,90,4.000189932695787,2.7796426919458299
7,12,91,4.0008637617884908,3.7795818220015054
7,12,92,2.0009376465055535,3.7811320224071117
7,12,93,2.0002638174128524,2.7811928923514362
7,13,96,4.0000351697900962,3.7795656761701251
7,13,97,4.0000374156322893,2.7796001512268269
7,13,98,5.9999612233520203,2.779605233648323
7,13,99,5.9999589775098299,3.7795707585916212
7,13,100,4.0000351697900962,3.7795656761701251
7,13,101,4.0000374156322893,2.7796001512268269
7,14,104,5.9991290966132595,3.7795892576752252
7,14,105,5.999804840675564,2.7796505825480935
7,14,106,7.999730560467631,2.7812056124698743
7,14,107,7.9990548164053266,3.781144287597006
7,14,108,5.9991290966132595,3.7795892576752252
7,14,109,5.999804840675564,2.7796505825480935
7,15,112,7.999534149969489,3.7829187101140405
7,15,113,7.9988251601466054,2.7830424069630975
7,15,114,9.998874132677928,2.7816861970899365
7,15,115,9.9995831225008214,3.7815625002408795
7,15,116,7.999534149969489,3.7829187101140405
7,15,117,7.9988251601466054,2.7830424069630975
7,16,120,1.0002752308153133,4.7800495143599004
7,16,121,1.0001233342251161,3.7801551406401406
7,16,122,3.00017408786539,3.7797990846757941
7,16,123,3.0003259844555861,4.7796934583955544
7,16,124,1.0002752308153133,4.7800495143599004
7,16,125,1.0001233342251161,3.7801551406401406
7,17,128,3.0001580544348689,4.7791440998005967
7,17,129,3.0000615936581085,3.7791837832387403
7,17,130,5.0000488107116432,3.7789336953006707
7,17,131,5.0001452714884058,4.778894011862528
7,17,132,3.0001580544348689,4.7791440998005967
7,17,133,3.0000615936581085,3.7791837832387403
7,18,136,4.9998525199962849,4.7788946125641409
7,18,137,4.9999507887004562,3.7789344394071782
7,18,138,6.9999380008656544,3.779188549785832
7,18,139,6.9998397321614831,4.7791487229427974
7,18,140,4.9998525199962849,4.7788946125641409
7,18,141,4.9999507887004562,3.7789344394071782
7,19,144,6.999673346401587,4.7797001453829635
7,19,145,6.9998240500128137,3.7798061003482415
7,19,146,8.999874985359682,3.7801599023868899
7,19,147,8.9997242817484544,4.7800539474216084
7,19,148,6.999673346401587,4.7797001453829635
7,19,149,6.9998240500128137,3.7798061003482415
7,20,152,-0.00070289226913285792,5.7773075183321723
7,20,153,0.00026496958837688383,4.7773295595342899
7,20,154,2.0002672246897752,4.7792835340123414
7,20,155,1.9992993628322653,5.7792614928102237
7,20,156,-0.00070289226913285792,5.7773075183321723
7,20,157,0.00026496958837688383,4.7773295595342899
7,21,160,2.0002859577777734,5.7790827019436648
7,21,161,2.0000549413674125,4.7791044299671324
7,21,162,4.0000536668042148,4.7786152957749959
7,21,163,4.0002846832145753,5.7785935677515283
7,21,164,2.0002859577777734,5.7790827019436648
7,21,165,2.0000549413674125,4.7791044299671324
7,22,168,3.9999995977069305,5.7785423365549295
7,22,169,4.0000001382439692,4.7785578205503771
7,22,170,5.9999994308629514,4.7785589857358044
7,22,171,5.9999988903259158,5.7785435017403568
7,22,172,3.9999995977069305,5.7785423365549295
7,22,173,4.0000001382439692,4.7785578205503771
7,23,176,5.9997143056223834,5.7785957520994273
7,23,177,5.9999459048067862,4.7786175600177287
7,23,178,7.9999446779442751,4.7791079746255924
7,23,179,7.999713078759874,5.779086166707291
7,23,180,5.9997143056223834,5.7785957520994273
7,23,181,5.9999459048067862,4.7786175600177287
7,24,184,8.0007016142576681,5.7792648871180496
7,24,185,7.9997321258742149,4.7792869756833287
7,24,186,9.9997343843570725,4.7773296865205683
7,24,187,10.000703872740523,5.7773075979552893
7,24,188,8.0007016142576681,5.7792648871180496
7,24,189,7.9997321258742149,4.7792869756833287
8,1,0,-3.4660913386090362e-07,0.99498985209816326
8,1,1,-3.55326671137136e-07,-0.0050097867520749332
8,1,2,10.000000537784453,-0.0050098196848945842
8,1,3,10.000000546501989,0.99498981916534357
8,1,4,-3.4660913386090362e-07,0.99498985209816326
8,1,5,-3.55326671137136e-07,-0.0050097867520749332
8,2,8,0.021747578339404373,1.8411591710114914
8,2,9,-0.041096774253981706,0.84303413511346426
8,2,10,1.9543958541929589,0.71684191723521351
8,2,11,2.0172402067863455,1.7149669531332408
8,2,12,0.021747578339404373,1.8411591710114914
8,2,13,-0.041096774253981706,0.84303413511346426
8,3,16,2.0071623481386984,1.7391999398203157
8,3,17,2.0051921463510394,0.73910539364996275
8,3,18,4.0043849341458211,0.73550651250037513
8,3,19,4.0063551359334788,1.7356010586707282
8,3,20,2.0071623481386984,1.7391999398203157
8,3,21,2.0051921463510394,0.73910539364996275
8,4,24,4.0004024286896671,1.7374967346187162
8,4,25,4.0004186264603421,0.73740173577527801
8,4,26,5.9996253524638519,0.73743033833816851
8,4,27,5.9996091546931769,1.7375253371816071
8,4,28,4.0004024286896671,1.7374967346187162
8,4,29,4.0004186264603421,0.73740173577527801
8,5,32,5.9935857974288345,1.7355820476898696
8,5,33,5.9956721805076363,0.73548576204386873
8,5,34,7.9948490724398553,0.73930632296689469
8,5,35,7.9927626893610517,1.7394026086128958
8,5,36,5.9935857974288345,1.7355820476898696
8,5,37,5.9956721805076363,0.73548576204386873
8,6,40,7.9823591575451429,1.7150473903484813
8,6,41,8.0452899730376206,0.71692568520642119
8,6,42,10.040757142662571,0.84328658745233942
8,6,43,9.9778263271700904,1.8414082925943993
8,6,44,7.9823591575451429,1.7150473903484813
8,6,45,8.0452899730376206,0.71692568520642119
8,7,48,1.0016082842798437,2.7428715819586373
8,7,49,0.99946654322296757,1.7429327445913139
8,7,50,2.9994619114678445,1.7386005934099593
8,7,51,3.0016036525247212,2.7385394307772835
8,7,52,1.0016082842798437,2.7428715819586373
8,7,53,0.99946654322296757,1.7429327445913139
8,8,56,3.0005946793172673,2.7380638280286136
8,8,57,3.0002583608618005,1.7380619219514397
8,8,58,5.0001601608142581,1.7373842538497142
8,8,59,5.0004964792697271,2.7373861599268876
8,8,60,3.0005946793172673,2.7380638280286136
8,8,61,3.0002583608618005,1.7380619219514397
8,9,64,4.9994940651540016,2.7373838803078039
8,9,65,4.9998447589012702,1.7373819975397233
8,9,66,6.9997455062872671,1.738087182239104
8,9,67,6.9993948125399985,2.7380890650071859
8,9,68,4.9994940651540016,2.7373838803078039
8,9,69,4.9998447589012702,1.7373819975397233
8,10,72,6.9983695428044914,2.7385705751488092
8,10,73,7.0004987003840897,1.7386319551053666
8,10,74,9.0004937874118998,1.7429408408427562
8,10,75,8.9983646298323023,2.7428794608861997
8,10,76,6.9983695428044914,2.7385705751488092
8,10,77,7.0004987003840897,1.7386319551053666
8,11,80,0.00062647353830716664,3.7396913112497292
8,11,81,0.00079150743882424549,2.7397664721797215
8,11,82,2.0008115919783056,2.7400550751884061
8,11,83,2.0006465580777886,3.7399799142584138
8,11,84,0.00062647353830716664,3.7396913112497292
8,11,85,0.00079150743882424549,2.7397664721797215
8,12,88,2.00082361527932,3.7386567535550128
8,12,89,2.0002090228848672,2.7387007318488452
8,12,90,4.0001682396995522,2.7373428760466583
8,12,91,4.0007828320940062,3.7372988977528259
8,12,92,2.00082361527932,3.7386567535550128
8,12,93,2.0002090228848672,2.7387007318488452
8,13,96,4.0000323205406287,3.7371763138212626
8,13,97,4.0000351237917373,2.7371958114490984
8,13,98,5.9999634193598439,2.7372019962191785
8,13,99,5.999960616108738,3.7371824985913427
8,13,100,4.0000323205406287,3.7371763138212626
8,13,101,4.0000351237917373,2.7371958114490984
8,14,104,5.9992100794844676,3.7373089110118127
8,14,105,5.999826524387184,2.7373533669518584
8,14,106,7.9997853909949521,2.7387154654319432
8,14,107,7.9991689460922357,3.7386710094918976
8,14,108,5.9992100794844676,3.7373089110118127
8,14,109,5.999826524387184,2.7373533669518584
8,15,112,7.9993505061387147,3.7399958968401719
8,15,113,7.9991755023046087,2.7400712062984853
8,15,114,9.9991955912947823,2.7397629043898655
8,15,115,9.999370595128898,3.739687594931552
8,15,116,7.9993505061387147,3.7399958968401719
8,15,117,7.9991755023046087,2.7400712062984853
8,16,120,1.0003677955136969,4.7379975177563489
8,16,121,1.0001745665390605,3.7380798360072229
8,16,122,3.0002049380677165,3.7376450705221917
8,16,123,3.0003981670423521,4.7375627522713195
8,16,124,1.0003677955136969,4.7379975177563489
8,16,125,1.0001745665390605,3.7380798360072229
8,17,128,3.0001732465973432,4.7370184486132141
8,17,129,3.0000248347249268,3.7370477185630651
8,17,130,5.0000076782265639,3.7366997273646088
8,17,131,5.0001560900989839,4.7366704574147604
8,17,132,3.0001732465973432,4.7370184486132141
8,17,133,3.0000248347249268,3.7370477185630651
8,18,136,4.9998404200237916,4.7366714910203802
8,18,137,4.9999913009332175,3.7367009315329107
8,18,138,6.9999741634635475,3.7370545325920417
8,18,139,6.9998232825541216,4.7370250920795147
8,18,140,4.9998404200237916,4.7366714910203802
8,18,141,4.9999913009332175,3.7367009315329107
8,19,144,6.9996010137531268,4.7375716662865033
8,19,145,6.99979247485867,3.7376542668387596
8,19,146,8.9998229662580993,3.7380855632355598
8,19,147,8.9996315051525553,4.7380029626833
8,19,148,6.9996010137531268,4.7375716662865033
8,19,149,6.99979247485867,3.7376542668387596
8,20,152,-0.00078902708765705141,5.7352046079575958
8,20,153,0.00028966386281381243,4.7352240460749124
8,20,154,2.0002911956545075,4.7373931135828
8,20,155,1.9992125047040363,5.7373736754654834
8,20,156,-0.00078902708765705141,5.7352046079575958
8,20,157,0.00028966386281381243,4.7352240460749124
8,21,160,2.0003537121610857,5.7371214422198893
8,21,161,2.0000778291546606,4.7371373912610615
8,21,162,4.0000611256545389,4.7365425245450776
8,21,163,4.0003370086609644,5.7365265755039054
8,21,164,2.0003537121610857,5.7371214422198893
8,21,165,2.0000778291546606,4.7371373912610615
8,22,168,4.0000123038376687,5.7364300264505683
8,22,169,4.0000131673338517,4.736439269514114
8,22,170,5.999986045660382,4.7364411559694961
8,22,171,5.9999851821642016,5.7364319129059504
8,22,172,4.0000123038376687,5.7364300264505683
8,22,173,4.0000131673338517,4.736439269514114
8,23,176,5.9996611441293437,5.736530084519555
8,23,177,5.9999379793569334,4.7365461230738832
8,23,178,7.9999213654091772,4.7371429923289528
8,23,179,7.9996445301815893,5.7371269537746246
8,23,180,5.9996611441293437,5.736530084519555
8,23,181,5.9999379793569334,4.7365461230738832
8,24,184,8.0007890057167508,5.7373788823350482
8,24,185,7.999707852296523,4.7373983682314176
8,24,186,9.9997093846653762,4.7352243144042871
8,24,187,10.000790538085601,5.7352048285079178
8,24,188,8.0007890057167508,5.7373788823350482
8,24,189,7.999707852296523,4.7373983682314176
9,1,0,-1.017483350667159e-08,0.9949985836215488
9,1,1,-1.0701818875892818e-08,-0.0050010994752325245
9,1,2,10.000000034302461,-0.0050011012917873998
9,1,3,10.000000034829446,0.9949985818049939
9,1,4,-1.017483350667159e-08,0.9949985836215488
9,1,5,-1.0701818875892818e-08,-0.0050010994752325245
9,2,8,0.019473502520703418,1.8050955497693231
9,2,9,-0.041917635936231774,0.80688897493713407
9,2,10,1.9538409522752296,0.68367610724160133
9,2,11,2.015232090732165,1.6818826820737907
9,2,12,0.019473502520703418,1.8050955497693231
9,2,13,-0.041917635936231774,0.80688897493713407
9,3,16,2.0071205745631873,1.7053529037152673
9,3,17,2.0046573782606654,0.70527017184806085
9,3,18,4.0039405108406845,0.70059030144020151
9,3,19,4.0064037071432059,1.7006730333074083
9,3,20,2.0071205745631873,1.7053529037152673
9,3,21,2.0046573782606654,0.70527017184806085
9,4,24,4.0003781220602797,1.7023945248786401
9,4,25,4.0003943764115917,0.70230016006806117
9,4,26,5.9996253480521107,0.70232855031679498
9,4,27,5.9996090937007986,1.7024229151273742
9,4,28,4.0003781220602797,1.7023945248786401
9,4,29,4.0003943764115917,0.70230016006806117
9,5,32,5.9935010295054454,1.700647598407278
9,5,33,5.9960917791322874,0.70056345272218745
9,5,34,7.9953618616432314,0.70549136197866602
9,5,35,7.9927711120163876,1.7055755076637569
9,5,36,5.9935010295054454,1.700647598407278
9,5,37,5.9960917791322874,0.70056345272218745
9,6,40,7.984424707885827,1.6820081285946833
9,6,41,8.0458603190583435,0.68380263188236645
9,6,42,10.041603062522354,0.80709691869761691
9,6,43,9.9801674513498337,1.8053024154099337
9,6,44,7.984424707885827,1.6820081285946833
9,6,45,8.0458603190583435,0.68380263188236645
9,7,48,1.0010818306330769,2.7068825471908444
9,7,49,0.99959158449959384,1.7069236503907188
9,7,50,2.9996019507232852,1.7039142535884528
9,7,51,3.001092196856769,2.7038731503885791
9,7,52,1.0010818306330769,2.7068825471908444
9,7,53,0.99959158449959384,1.7069236503907188
9,8,56,3.0004793913793031,2.7033806263650031
9,8,57,3.0001220878056305,1.7033782607370132
9,8,58,5.0000609740770017,1.70264391571797
9,8,59,5.0004182776506774,2.70264628134596
9,8,60,3.0004793913793031,2.7033806263650031
9,8,61,3.0001220878056305,1.7033782607370132
9,9,64,4.9995706600529335,2.7026445599045426
9,9,65,4.9999403358387076,1.7026422028316317
9,9,66,6.9998785002524126,1.7034004784365659
9,9,67,6.9995088244666386,2.7034028355094781
9,9,68,4.9995706600529335,2.7026445599045426
9,9,69,4.9999403358387076,1.7026422028316317
9,10,72,6.9988831769342985,2.7038990423232212
9,10,73,7.0003632017159827,1.7039403096506121
9,10,74,9.000373658516617,1.7069303962540006
9,10,75,8.9988936337349337,2.706889128926611
9,10,76,6.9988831769342985,2.7038990423232212
9,10,77,7.0003632017159827,1.7039403096506121
9,11,80,0.000706789993869452,3.7052657233753825
9,11,81,0.00056673339608870191,2.7053179355971739
9,11,82,2.0005762115643475,2.7050035258785865
9,11,83,2.0007162681621278,3.7049513136567942
9,11,84,0.000706789993869452,3.7052657233753825
9,11,85,0.00056673339608870191,2.7053179355971739
9,12,88,2.0007188619796779,3.7039720278579411
9,12,89,2.0001361527884711,2.7040038367870842
9,12,90,4.0001071529529098,2.7027574473405007
9,12,91,4.0006898621441174,3.7027256384113576
9,12,92,2.0007188619796779,3.7039720278579411
9,12,93,2.0001361527884711,2.7040038367870842
9,13,96,4.0000273297848592,3.7025756117152078
9,13,97,4.0000300598441392,2.7025868697339139
9,13,98,5.9999679662267518,2.7025929482860027
9,13,99,5.9999652361674745,3.7025816902672966
9,13,100,4.0000273297848592,3.7025756117152078
9,13,101,4.0000300598441392,2.7025868697339139
9,14,104,5.9993035279048694,3.7027358053197417
9,14,105,5.9998881308632308,2.7027679171432335
9,14,106,7.9998587280530593,2.7040181841138673
9,14,107,7.9992741250946979,3.7039860722903755
9,14,108,5.9993035279048694,3.7027358053197417
9,14,109,5.9998881308632308,2.7027679171432335
9,15,112,7.9992806005749211,3.7049666398579242
9,15,113,7.9994113311304487,2.7050189540933451
9,15,114,9.9994206817069902,2.7053147526712213
9,15,115,9.9992899511514732,3.7052624384358004
9,15,116,7.9992806005749211,3.7049666398579242
9,15,117,7.9994113311304487,2.7050189540933451
9,16,120,1.0003898127964519,4.7035439188514134
9,16,121,1.0001891360862865,3.7036092534475542
9,16,122,3.0002023672441607,3.7031706568697533
9,16,123,3.0004030439543259,4.7031053222736148
9,16,124,1.0003898127964519,4.7035439188514134
9,16,125,1.0001891360862865,3.7036092534475542
9,17,128,3.0001692647158578,4.7025566787681869
9,17,129,3.000010222472334,3.7025773776352833
9,17,130,4.9999907860806472,3.7022122304014848
9,17,131,5.0001498283241732,4.7021915315343916
9,17,132,3.0001692647158578,4.7025566787681869
9,17,133,3.000010222472334,3.7025773776352833
9,18,136,4.9998460168571457,4.7021929345404354
9,18,137,5.0000078035440687,3.7022137893450875
9,18,138,6.9999883977385773,3.7025850680998289
9,18,139,6.9998266110516543,4.7025642132951795
9,18,140,4.9998460168571457,4.7021929345404354
9,18,141,5.0000078035440687,3.7022137893450875
9,19,144,6.9995961149020411,4.7031153186514638
9,19,145,6.9997948486573662,3.7031808816017304
9,19,146,8.9998081277628934,3.7036155780621294
9,19,147,8.9996093940075674,4.7035500151118583
9,19,148,6.9995961149020411,4.7031153186514638
9,19,149,6.9997948486573662,3.7031808816017304
9,20,152,-0.00082243453840653467,5.700853701123604
9,20,153,0.00028450833166495748,4.7008703721213498
9,20,154,2.0002854382395836,4.7030912859878402
9,20,155,1.9991784953695118,5.7030746149900944
9,20,156,-0.00082243453840653467,5.700853701123604
9,20,157,0.00028450833166495748,4.7008703721213498
9,21,160,2.0003893707352689,5.7027911758534593
9,21,161,2.0000868896887027,4.7028033777509943
9,21,162,4.0000669987926072,4.7021556124196806
9,21,163,4.0003694798391747,5.7021434105221456
9,21,164,2.0003893707352689,5.7027911758534593
9,21,165,2.0000868896887027,4.7028033777509943
9,22,168,4.0000141858147193,5.7020160590081863
9,22,169,4.0000153353313781,4.7020219217447883
9,22,170,5.9999835626603879,4.7020244038243169
9,22,171,5.9999824131437318,5.7020185410877149
9,22,172,4.0000141858147193,5.7020160590081863
9,22,173,4.0000153353313781,4.7020219217447883
9,23,176,5.9996279435178623,5.7021477255579507
9,23,177,5.9999317761279318,4.7021600116557769
9,23,178,7.9999119920371893,4.7028105724854141
9,23,179,7.9996081594271216,5.7027982863875879
9,23,180,5.9996279435178623,5.7021477255579507
9,23,181,5.9999317761279318,4.7021600116557769
9,24,184,8.0008232942972395,5.7030809000116713
9,24,185,7.9997134807306409,4.7030976124101267
9,24,186,9.999714411124744,4.7008709106727862
9,24,187,10.000824224691337,5.7008541982743308
9,24,188,8.0008232942972395,5.7030809000116713
9,24,189,7.9997134807306409,4.7030976124101267
10,1,0,6.9292951466985145e-10,0.99499971397577269
10,1,1,5.2977561465246184e-10,-0.0049999706032855503
10,1,2,10.000000001794033,-0.0049999706835160088
10,1,3,10.000000001957188,0.9949997138955422
10,1,4,6.9292951466985145e-10,0.99499971397577269
10,1,5,5.2977561465246184e-10,-0.0049999706032855503
10,2,8,0.017178357336690063,1.7601206699298644
10,2,9,-0.042730927616805706,0.76183139685672052
10,2,10,1.9532770375305686,0.64164165763022263
10,2,11,2.0131863224840645,1.6399309307033667
10,2,12,0.017178357336690063,1.7601206699298644
10,2,13,-0.042730927616805706,0.76183139685672052
10,3,16,2.0066738566889057,1.6620549129351878
10,3,17,2.004102883443085,0.66198916378575678
10,3,18,4.0034755810943983,0.65704199459159218
10,3,19,4.0060465543402186,1.6571077437410235
10,3,20,2.0066738566889057,1.6620549129351878
10,3,21,2.004102883443085,0.66198916378575678
10,4,24,4.0003351994397374,1.658420956190739
10,4,25,4.000350210096757,0.65833380454670287
10,4,26,5.9996393143055444,0.65836154604032582
10,4,27,5.9996243036485248,1.6584486976843622
10,4,28,4.0003351994397374,1.658420956190739
10,4,29,4.000350210096757,0.65833380454670287
10,5,32,5.9938521373363178,1.6571022329843172
10,5,33,5.9965083086621886,0.65703646304603314
10,5,34,7.995871057273499,0.66214540982656278
10,5,35,7.9932148859476264,1.6622111797648469
10,5,36,5.9938521373363178,1.6571022329843172
10,5,37,5.9965083086621886,0.65703646304603314
10,6,40,7.98652570906631,1.6400992060031319
10,6,41,8.0464391169501539,0.64180880581973021
10,6,42,10.042438827263496,0.76199707778012404
10,6,43,9.9825254193796482,1.7602874779635254
10,6,44,7.98652570906631,1.6400992060031319
10,6,45,8.0464391169501539,0.64180880581973021
10,7,48,1.0007108188415077,2.662514959311908
10,7,49,0.99958874958435606,1.6625497636706053
10,7,50,2.9996021342168842,1.6602899866703689
10,7,51,3.0007242034740367,2.6602551823116727
10,7,52,1.0007108188415077,2.662514959311908
10,7,53,0.99958874958435606,1.6625497636706053
10,8,56,3.0003666668276896,2.6597899190784662
10,8,57,3.0000250187255655,1.6597879413630114
10,8,58,4.999984707067691,1.6590837023931746
10,8,59,5.0003263551698192,2.6590856801086296
10,8,60,3.0003666668276896,2.6597899190784662
10,8,61,3.0000250187255655,1.6597879413630114
10,9,64,4.9996559023285947,2.6590800011031992
10,9,65,5.0000135062957476,1.6590778850956251
10,9,66,6.9999718562937154,1.6598129688649255
10,9,67,6.9996142523265625,2.6598150848725002
10,9,68,4.9996559023285947,2.6590800011031992
10,9,69,5.0000135062957476,1.6590778850956251
10,10,72,6.9992228700028898,2.6602767209332407
10,10,73,7.0003544718753528,1.6603134101203438
10,10,74,9.0003688484682272,1.6625882684485904
10,10,75,8.9992372465957651,2.6625515792614891
10,10,76,6.9992228700028898,2.6602767209332407
10,10,77,7.0003544718753528,1.6603134101203438
10,11,80,0.00072063857315915881,3.6618088201609251
10,11,81,0.00035726712370690006,2.6618453828691813
10,11,82,2.000360518529213,2.6610910591746255
10,11,83,2.0007238899786648,3.6610544964663685
10,11,84,0.00072063857315915881,3.6618088201609251
10,11,85,0.00035726712370690006,2.6618453828691813
10,12,88,2.0005937640103726,3.6604053097633442
10,12,89,2.0000486191460038,2.6604284334899346
10,12,90,4.0000258450461175,2.6592802522989714
10,12,91,4.0005709899104875,3.6592571285723809
10,12,92,2.0005937640103726,3.6604053097633442
10,12,93,2.0000486191460038,2.6604284334899346
10,13,96,4.0000203299742285,3.659097011280342
10,13,97,4.000022638548371,2.659102705308324
10,13,98,5.999974830735801,2.6591079078580213
10,13,99,5.9999725221616611,3.6591022138300393
10,13,100,4.0000203299742285,3.659097011280342
10,13,101,4.000022638548371,2.659102705308324
10,14,104,5.9994230918011615,3.6592653430598046
10,14,105,5.9999717690186793,2.6592888039035474
10,14,106,7.9999495282562245,2.6604438296073254
10,14,107,7.9994008510387067,3.6604203687635826
10,14,108,5.9994230918011615,3.6592653430598046
10,14,109,5.9999717690186793,2.6592888039035474
10,15,112,7.9992886718854717,3.661064555609002
10,15,113,7.9996605393741849,2.6611010504655503
10,15,114,9.9996588488053195,2.6618670222572423
10,15,115,9.9992869813166152,3.6618305274006939
10,15,116,7.9992886718854717,3.661064555609002
10,15,117,7.9996605393741849,2.6611010504655503
10,16,120,1.0003868010317722,4.6601340721005133
10,16,121,1.0001981492036922,3.660183525459932
10,16,122,3.0002034453112247,3.6597722726796267
10,16,123,3.0003920971393052,4.6597228193202103
10,16,124,1.0003868010317722,4.6601340721005133
10,16,125,1.0001981492036922,3.660183525459932
10,17,128,3.0001648529624783,4.6592000224064849
10,17,129,2.9999940754487544,3.6592133184019278
10,17,130,4.9999714577083569,3.6588304068557309
10,17,131,5.000142235222083,4.6588171108602916
10,17,132,3.0001648529624783,4.6592000224064849
10,17,133,2.9999940754487544,3.6592133184019278
10,18,136,4.999853032836949,4.6588181661030035
10,18,137,5.0000272766719043,3.6588315522267321
10,18,138,7.0000047064332289,3.6592218598292345
10,18,139,6.9998304625982737,4.6592084737055082
10,18,140,4.999853032836949,4.6588181661030035
10,18,141,5.0000272766719043,3.6588315522267321
10,19,144,6.9996071542283556,4.6597318571302457
10,19,145,6.9997961723323003,3.6597815756849283
10,19,146,8.9998017651296944,3.6601933159191979
10,19,147,8.9996127470257523,4.6601435973645113
10,19,148,6.9996071542283556,4.6597318571302457
10,19,149,6.9997961723323003,3.6597815756849283
10,20,152,-0.00082545907142332435,5.6576683393336236
10,20,153,0.00025670097977242644,4.6576818449451389
10,20,154,2.000257305460992,4.6598488171846153
10,20,155,1.9991751454097959,5.6598353115730999
10,20,156,-0.00082545907142332435,5.6576683393336236
10,20,157,0.00025670097977242644,4.6576818449451389
10,21,160,2.0004047139011831,5.6595321010198436
10,21,161,2.0000874307542955,4.659540345283153
10,21,162,4.0000661560330979,4.6588666894422186
10,21,163,4.000383439179986,5.6588584451789092
10,21,164,2.0004047139011831,5.6595321010198436
10,21,165,2.0000874307542955,4.659540345283153
10,22,168,4.0000148308921535,5.6587114765190618
10,22,169,4.0000162025457078,4.6587145421196379
10,22,170,5.9999822757719068,4.6587174657897181
10,22,171,5.9999809041183552,5.6587144001891421
10,22,172,4.0000148308921535,5.6587114765190618
10,22,173,4.0000162025457078,4.6587145421196379
10,23,176,5.9996132766827728,5.6588629961160839
10,23,177,5.9999324260707247,4.6588712907466521
10,23,178,7.9999112689129435,4.659548702935898
10,23,179,7.9995921195249933,5.6595404083053298
10,23,180,5.9996132766827728,5.6588629961160839
10,23,181,5.9999324260707247,4.6588712907466521
10,24,184,8.0008269099525506,5.6598435080260492
10,24,185,7.9997412289051999,4.6598570791208882
10,24,186,9.9997418765000461,4.6576830486522036
10,24,187,10.000827557547392,5.6576694775573646
10,24,188,8.0008269099525506,5.6598435080260492
10,24,189,7.9997412289051999,4.6598570791208882
