step,oc_iter,contact,mtype,m0_0,m0_prev,m0_new,o3,o4,t3,w0
1,0,1,0,2,2,1,-0.0010150185410266702,0.0017351655301508725,0,3.1500000000000004
1,0,2,0,2,2,1,-0.0010540574950680991,0.0017117273474282569,0,3.1500000000000004
1,0,3,0,2,2,1,-0.00078690461852568656,0.0015877932887538384,0,3.1500000000000004
1,0,4,0,2,2,2,-0.0025450419359843825,0.0021886425845954256,1493.1121245363656,3.1500000000000004
1,0,5,0,2,2,2,-0.00018898311323670844,-0.00091715967056345488,1493.1121245363656,3.1500000000000004
1,0,6,0,2,2,1,-0.0027530343361605964,0.0030909191130699949,0,3.1500000000000004
1,0,7,0,2,2,1,-0.0014176375196688336,0.0018627073501348216,0,3.1500000000000004
1,0,8,0,2,2,1,-0.0021283500961176414,0.00097440671579496056,0,3.1500000000000004
1,0,9,0,2,2,1,-0.0014093724375254706,0.00089904515825536824,0,3.1500000000000004
1,0,10,0,0,2,2,-0.0016692702559167234,9.0188905276625321e-05,0,3.1500000000000004
1,0,11,0,2,2,1,-0.0013716973493755765,0.0026566920929947868,0,3.1500000000000004
1,0,12,0,2,2,1,-0.00058262946699148702,0.00071506903604075234,0,3.1500000000000004
1,0,13,0,2,2,1,-0.00072560209552844116,0.0012221540816690834,0,3.1500000000000004
1,0,14,0,2,2,1,-0.00079045620790553993,0.0011812426400026332,0,3.1500000000000004
1,0,15,0,2,2,2,-0.0011437534529455688,-0.00034593039227786312,1048.8857807868071,3.1500000000000004
1,0,16,0,2,2,2,-0.0026019417166317726,-0.00081347785797202985,1048.8857807868071,3.1500000000000004
1,0,17,0,2,2,0,0.0012042898412804135,0,0,3.1500000000000004
1,0,18,0,2,2,2,-0.0010927031681269605,0.0004219670377998586,0,3.1500000000000004
1,0,19,0,2,2,2,-0.0011019798246849585,0.00039710624919318761,0,3.1500000000000004
1,0,20,0,2,2,0,0.00048649450826569729,0,0,3.1500000000000004
1,0,21,0,2,2,1,-9.7551710954973023e-05,-0.0017997891154354598,0,3.1500000000000004
1,0,22,0,2,2,1,-0.00087859879277577327,0.00065001661890487484,0,3.1500000000000004
1,0,23,0,2,2,1,-0.0023622130880204357,0.0030493011642324869,0,3.1500000000000004
1,0,24,0,2,2,1,-0.00032736286681018449,0.0016643573530826295,0,3.1500000000000004
1,0,25,0,2,2,1,-0.0028879615704362573,0.0033921277169261031,0,3.1500000000000004
1,0,26,0,2,2,2,-0.0044156233886438129,0.0018671309066478211,1127.8773345612544,3.1500000000000004
1,0,27,0,2,2,2,-0.0010457499941652782,0.00068828540526277078,1127.8773345612544,3.1500000000000004
1,0,28,0,2,2,2,-0.00073293891396971397,0.0010923944937565285,517.80864545384884,3.1500000000000004
1,0,29,0,2,2,2,0.0013035879800494343,0.00057374316907464452,517.80864545384884,3.1500000000000004
1,0,30,0,2,2,1,-0.00011563572949218106,0.00040502472869968857,0,3.1500000000000004
1,0,31,0,2,2,1,-0.00019314472375594894,0.00030935332258052799,0,3.1500000000000004
1,0,32,0,2,2,1,-0.0019844822411470343,0.0018751508843451127,0,3.1500000000000004
1,0,33,0,2,2,1,-0.0019707114423585721,0.0019369153256533675,0,3.1500000000000004
1,0,34,0,2,2,2,-0.0017786464103069968,0.00090095139069338757,705.59046016262164,3.1500000000000004
1,0,35,0,2,2,2,-0.0004354713993666083,0.00026521441455326444,705.59046016262164,3.1500000000000004
1,0,36,0,2,2,2,-0.0031832094953618321,0.000471697141470149,1473.7505705609583,3.1500000000000004
1,0,37,0,2,2,2,-0.0059840827832038602,0.0017050033814243434,1473.7505705609583,3.1500000000000004
1,0,38,0,2,2,0,0.0001736528436522481,0,0,3.1500000000000004
1,0,39,0,0,2,2,-0.00063138603799207146,-7.9151272960366856e-06,0,3.1500000000000004
1,0,40,0,2,2,1,-0.00054595488466490608,-0.00031724498400581921,0,3.1500000000000004
1,0,41,0,2,2,1,-0.00010778826788254466,4.9390673914027908e-05,0,3.1500000000000004
1,0,42,0,2,2,0,1.5939629492262407e-06,0,0,3.1500000000000004
1,0,43,0,2,2,2,-0.001887233713863723,0.0013624358337711643,718.39673040441244,3.1500000000000004
1,0,44,0,2,2,2,-0.0004359640085849085,0.0010689637759559415,718.39673040441244,3.1500000000000004
1,0,45,0,2,2,1,-0.0013114500193724555,0.0028277707216158355,0,3.1500000000000004
1,0,46,0,2,2,1,-0.0025059234861898295,0.0018537466634544876,0,3.1500000000000004
1,0,47,1,0,3,3,-0.0010213147763267528,0,0,3.1500000000000004
1,0,48,0,2,2,1,-0.0011066825824818871,0.00096152576961782722,0,3.1500000000000004
1,0,49,0,2,2,1,-0.0013075562026688332,0.00066299998276908838,0,3.1500000000000004
1,0,50,0,2,2,1,-0.0023571746561767979,0.0012032222568584927,0,3.1500000000000004
1,0,51,0,2,2,1,-0.0001210970195122766,-0.00052301829436619677,0,3.1500000000000004
1,0,52,0,2,2,1,-0.0030275970613746202,0.0031467256021314445,0,3.1500000000000004
1,0,53,0,2,2,1,-8.0178558765621924e-05,3.7345196442757097e-05,0,3.1500000000000004
1,0,54,0,2,2,1,-0.0011890066393267259,0.0011851115517873831,0,3.1500000000000004
1,1,1,0,2,1,1,-0.00097890089449837684,0.0035709299109822506,0,3.1500000000000004
1,1,2,0,2,1,1,-0.0010595269737056763,0.0035478388451442486,0,3.1500000000000004
1,1,3,0,2,1,1,-0.00073627589762329004,0.0030208931459908767,0,3.1500000000000004
1,1,4,0,2,2,2,-0.0030860549820707294,0.0032266566982887997,1493.1121245363656,3.1500000000000004
1,1,5,0,2,2,2,-0.00080735135305379832,0.00018927416804814031,1493.1121245363656,3.1500000000000004
1,1,6,0,2,1,1,-0.0030338670663980897,0.0067747017583830475,0,3.1500000000000004
1,1,7,0,2,1,1,-0.00060388452637362769,0.003492708749673285,0,3.1500000000000004
1,1,8,0,2,1,1,-0.0021791274038539081,0.0027955382766888955,0,3.1500000000000004
1,1,9,0,2,1,1,-0.00079095027186949036,0.0020830453735469108,0,3.1500000000000004
1,1,10,0,0,2,1,-0.001712680531834568,0.0014252611815432062,0,3.1500000000000004
1,1,11,0,2,1,1,-0.0011374833017731333,0.010688396302508511,0,3.1500000000000004
1,1,12,0,2,1,1,-0.0006921177060750152,0.0071607892877844767,0,3.1500000000000004
1,1,13,0,2,1,1,-0.00050089256755789138,0.0080392515960737813,0,3.1500000000000004
1,1,14,0,2,1,1,-0.00093371619672370559,0.0080005380172071556,0,3.1500000000000004
1,1,15,0,2,2,2,-0.0015922931238433686,0.00032987055182109241,1048.8857807868071,3.1500000000000004
1,1,16,0,2,2,2,-0.0025742833786865475,-0.00050154037150356768,1048.8857807868071,3.1500000000000004
1,1,17,0,2,0,0,0.0010394973096392835,0,0,3.1500000000000004
1,1,18,0,2,2,1,-0.0010537338273751838,0.001161871874409851,0,3.1500000000000004
1,1,19,0,2,2,1,-0.0010797784369246744,0.0011377038967120042,0,3.1500000000000004
1,1,20,0,2,0,0,0.00029535961638396137,0,0,3.1500000000000004
1,1,21,0,2,1,1,-0.00017189390273061211,-0.0018472074853357703,0,3.1500000000000004
1,1,22,0,2,1,1,-0.0007376358852001617,0.001441430460338909,0,3.1500000000000004
1,1,23,0,2,1,1,-0.0022554819323698512,0.005175562900313806,0,3.1500000000000004
1,1,24,0,2,1,1,-0.00016670447402440422,0.0041821932075320478,0,3.1500000000000004
1,1,25,0,2,1,1,-0.0025882362823889983,0.0079808190148672117,0,3.1500000000000004
1,1,26,0,2,2,2,-0.0047756922225174817,0.0029350865722332677,1127.8773345612544,3.1500000000000004
1,1,27,0,2,2,2,-0.00077135578446745751,0.00047828387223107537,1127.8773345612544,3.1500000000000004
1,1,28,0,2,2,2,-0.0013984502519668667,0.0019630327262149293,517.80864545384884,3.1500000000000004
1,1,29,0,2,2,2,0.0010427206141773325,0.001529901502373348,517.80864545384884,3.1500000000000004
1,1,30,0,2,1,2,-0.0001536971124947637,-0.00032918201645704034,0,3.1500000000000004
1,1,31,0,2,1,1,-0.00019957582430111645,0.00024585981075582236,0,3.1500000000000004
1,1,32,0,2,1,1,-0.0017540642276317048,0.011247637353935441,0,3.1500000000000004
1,1,33,0,2,1,1,-0.001760280561653748,0.011235903828532866,0,3.1500000000000004
1,1,34,0,2,2,2,-0.0018724368476633324,0.00095896195881730651,705.59046016262164,3.1500000000000004
1,1,35,0,2,2,2,-0.00023477146118338385,6.3085061079799228e-05,705.59046016262164,3.1500000000000004
1,1,36,0,2,2,2,-0.0015719948537167999,-0.0017781129960777878,1473.7505705609583,3.1500000000000004
1,1,37,0,2,2,2,-0.0082763605736937002,0.0046042057066737734,1473.7505705609583,3.1500000000000004
1,1,38,0,2,0,0,0.0001218837561711746,0,0,3.1500000000000004
1,1,39,0,0,2,1,-0.00045035038078600458,0.00049301276778326072,0,3.1500000000000004
1,1,40,0,2,1,2,-0.00063451841980554052,0.00020797796331388553,0,3.1500000000000004
1,1,41,0,2,1,1,-0.00010911806461804919,4.9092601929375278e-05,0,3.1500000000000004
1,1,42,0,2,0,0,-2.1088011968642246e-05,0,0,3.1500000000000004
1,1,43,0,2,2,2,-0.0014798860587122425,0.0015730187154973294,718.39673040441244,3.1500000000000004
1,1,44,0,2,2,2,-0.0017596389425071359,0.002177478795460749,718.39673040441244,3.1500000000000004
1,1,45,0,2,1,1,-0.00072751821408980136,0.0059964859650306407,0,3.1500000000000004
1,1,46,0,2,1,1,-0.0035115246231571815,0.004914873744311132,0,3.1500000000000004
1,1,47,1,0,3,3,-0.00044630693528910289,0,0,3.1500000000000004
1,1,48,0,2,1,1,-0.00096795338418917258,0.0040563373749982435,0,3.1500000000000004
1,1,49,0,2,1,1,-0.0019268318895886397,0.0036983916009488303,0,3.1500000000000004
1,1,50,0,2,1,1,-0.0022267469663004909,0.0050186939913590637,0,3.1500000000000004
1,1,51,0,2,1,2,-7.8690852247340578e-05,0.0029684192777379888,0,3.1500000000000004
1,1,52,0,2,1,1,-0.0030939858028386658,0.0078955849885655252,0,3.1500000000000004
1,1,53,0,2,1,1,-6.4967111674861324e-05,7.1709265668206605e-05,0,3.1500000000000004
1,1,54,0,2,1,1,-0.0011102978505571836,0.0017647827173158195,0,3.1500000000000004
2,2,1,0,0,1,2,-0.00080721109926918137,-1.2377033141068198e-05,0,3.1500000000000004
2,2,2,0,0,1,2,-0.00088743498608930059,-8.5728651479641179e-06,0,3.1500000000000004
2,2,3,0,0,1,1,-0.00028035252870079532,0.00014082083724337209,0,3.1500000000000004
2,2,4,0,2,2,2,-0.0028298771046482603,0.0036431464941026888,1493.3363265957548,3.1500000000000004
2,2,5,0,2,2,2,-0.00086876591593542795,0.00044219005957037735,1493.3370664500362,3.1500000000000004
2,2,6,0,0,1,2,-0.0032814267851222854,-0.00064915252986669323,0,3.1500000000000004
2,2,7,0,0,1,2,-0.00052413611158384267,-0.00029480024090790561,0,3.1500000000000004
2,2,8,0,0,1,2,-0.0019691215789808428,-0.0002240544047295914,0,3.1500000000000004
2,2,9,0,0,1,2,-0.00054346106624176746,-0.00037798607904982969,0,3.1500000000000004
2,2,10,0,0,1,2,-0.0013104826344863354,-0.00020839145672069248,0,3.1500000000000004
2,2,11,0,0,1,2,-0.0012231405402622242,-0.00062419707357280632,0,3.1500000000000004
2,2,12,0,0,1,2,-0.00073090379605901068,-0.00044657315392339413,0,3.1500000000000004
2,2,13,0,0,1,2,-0.00056041643189410207,-0.00052323750558715457,0,3.1500000000000004
2,2,14,0,0,1,2,-0.00096544778503829948,-0.00052613776766337068,0,3.1500000000000004
2,2,15,0,2,2,2,-0.001280077509867156,0.00048675827805123092,1048.9694403354329,3.1500000000000004
2,2,16,0,2,2,2,-0.0029727188069998368,-0.0002172700139391925,1049.2193221225846,3.1500000000000004
2,2,17,0,0,0,0,0.00096361972334953042,0,0,3.1500000000000004
2,2,18,0,0,1,1,-0.00078617807133890148,0.00060612701302484437,0,3.1500000000000004
2,2,19,0,0,1,1,-0.00082602415939784721,0.0006120137057890984,0,3.1500000000000004
2,2,20,0,0,0,0,0.00045676899803123592,0,0,3.1500000000000004
2,2,21,0,0,1,0,7.2697839277136516e-05,-3.1500000000000002e-13,0,3.1500000000000004
2,2,22,0,0,1,1,-0.00087125068087030042,4.0152381993368805e-05,0,3.1500000000000004
2,2,23,0,0,1,2,-0.0022386775563932103,-0.00014117990116913149,0,3.1500000000000004
2,2,24,0,0,1,2,-0.00016064744643678029,-0.00044745377985392682,0,3.1500000000000004
2,2,25,0,0,1,2,-0.0028177292137571072,-0.00059043649262325681,0,3.1500000000000004
2,2,26,0,2,2,2,-0.0053040829013368219,0.0035787315013474062,1126.5539582739664,3.1500000000000004
2,2,27,0,2,2,2,-0.00074472467685985548,0.00060964533099672755,1126.556420457187,3.1500000000000004
2,2,28,0,2,2,2,-0.0010984801344121745,0.0014070360722301537,516.52565279454961,3.1500000000000004
2,2,29,0,2,2,2,0.001324105493632806,0.0012715821594716978,516.5258614616672,3.1500000000000004
2,2,30,0,2,2,0,8.8451312387017401e-05,-0.00032918201645704034,0,3.1500000000000004
2,2,31,0,0,1,1,-0.00019042751119586419,0.00010504759229914017,0,3.1500000000000004
2,2,32,0,0,1,2,-0.0017075111114687493,-0.00035673369619640822,0,3.1500000000000004
2,2,33,0,0,1,2,-0.0017811390191251823,-0.00037275336365614862,0,3.1500000000000004
2,2,34,0,2,2,2,-0.0018898033124034954,0.00095614053328827689,705.21716615122784,3.1500000000000004
2,2,35,0,2,2,2,-0.00020371591689748251,6.4530805937034592e-05,705.21777666473315,3.1500000000000004
2,2,36,0,2,2,2,-0.001589918554065599,-0.0020818420733482576,1470.7720817724235,3.1500000000000004
2,2,37,0,2,2,2,-0.0084048368552229278,0.0048851316573831757,1469.8703170720935,3.1500000000000004
2,2,38,0,0,0,0,0.00015739384050184789,0,0,3.1500000000000004
2,2,39,0,0,1,2,-0.00047110455085613975,-0.00015580796268782707,0,3.1500000000000004
2,2,40,0,2,2,2,-0.0005765999667736001,6.398341800131302e-05,0,3.1500000000000004
2,2,41,0,0,1,2,-0.0001065161813618771,-2.0215752781575673e-06,0,3.1500000000000004
2,2,42,0,0,0,0,3.971730221597566e-05,0,0,3.1500000000000004
2,2,43,0,2,2,2,-0.0016206416577439423,0.0015478846748125576,716.12696583942477,3.1500000000000004
2,2,44,0,2,2,2,-0.0012868578228240122,0.00194986039307736,716.12680634647586,3.1500000000000004
2,2,45,0,0,1,2,-0.00071391782352650686,-0.0005151707829874904,0,3.1500000000000004
2,2,46,0,0,1,2,-0.0032506552032099327,-0.00044665767904888981,0,3.1500000000000004
2,2,47,1,0,3,3,-0.00040289351671098566,0,0,3.1500000000000004
2,2,48,0,0,1,1,-0.001009894000355276,0.00011698490517457398,0,3.1500000000000004
2,2,49,0,0,1,1,-0.0020023731213797006,0.00010125427775416533,0,3.1500000000000004
2,2,50,0,0,1,1,-0.0024225173645407989,0.00037108819000640047,0,3.1500000000000004
2,2,51,0,2,2,1,-0.00018846793685564633,0.0015546993607605474,0,3.1500000000000004
2,2,52,0,0,1,2,-0.0030308235543183046,-0.00079349427405765673,0,3.1500000000000004
2,2,53,0,0,1,1,-6.1869704188079403e-05,5.6506376451722338e-06,0,3.1500000000000004
2,2,54,0,0,1,1,-0.0012623083844644444,0.00037251749836754769,0,3.1500000000000004
2,3,1,0,0,2,1,-0.00083354794144552366,0.0004886143458926979,0,3.1500000000000004
2,3,2,0,0,2,1,-0.00092510333098560691,0.00049169521231270128,0,3.1500000000000004
2,3,3,0,0,1,1,-0.00028907897689202285,0.00049054016722886783,0,3.1500000000000004
2,3,4,0,2,2,2,-0.002907337986063489,0.0035352836517435161,1493.3363265957548,3.1500000000000004
2,3,5,0,2,2,2,-0.00094821238439584939,0.00063777493289745755,1493.3370664500362,3.1500000000000004
2,3,6,0,0,2,2,-0.0033430889746291427,0.00044867313263841459,0,3.1500000000000004
2,3,7,0,0,2,1,-0.0002402277870530012,0.00016820409919166804,0,3.1500000000000004
2,3,8,0,0,2,2,-0.0019368602203184767,0.0003181279633331631,0,3.1500000000000004
2,3,9,0,0,2,2,-0.00031712191482795407,-5.0310910600828991e-05,0,3.1500000000000004
2,3,10,0,0,2,2,-0.0012741927672121063,0.00018902613533662362,0,3.1500000000000004
2,3,11,0,0,2,2,-0.0012257381219415047,0.00015724692447503504,0,3.1500000000000004
2,3,12,0,0,2,1,-0.00078488638365133124,0.00060040499811142697,0,3.1500000000000004
2,3,13,0,0,2,1,-0.00056263705514066325,0.00042919389895201777,0,3.1500000000000004
2,3,14,0,0,2,2,-0.0010189550197189396,0.00042493076570481575,0,3.1500000000000004
2,3,15,0,2,2,2,-0.0013203959496139136,0.0006626129979902315,1048.9694403354329,3.1500000000000004
2,3,16,0,2,2,2,-0.0028718059175810921,-0.00012456981298110777,1049.2193221225846,3.1500000000000004
2,3,17,0,0,0,0,0.00084110804577186018,0,0,3.1500000000000004
2,3,18,0,0,1,1,-0.00082130819819454149,0.00098876375920231205,0,3.1500000000000004
2,3,19,0,0,1,1,-0.0008698049640693871,0.0009937576808074645,0,3.1500000000000004
2,3,20,0,0,0,0,0.00042772759667277763,0,0,3.1500000000000004
2,3,21,0,0,0,0,0.00022236376915516108,-3.1500000000000002e-13,0,3.1500000000000004
2,3,22,0,0,1,1,-0.00084304020226982511,0.00022543756564446165,0,3.1500000000000004
2,3,23,0,0,2,2,-0.0021858940294321701,0.00052656432747938105,0,3.1500000000000004
2,3,24,0,0,2,1,-0.00014999616325566257,0.00035049395525272139,0,3.1500000000000004
2,3,25,0,0,2,2,-0.0027560190751859388,0.00094318342311283925,0,3.1500000000000004
2,3,26,0,2,2,2,-0.0050886014873709421,0.003105008667076436,1126.5539582739664,3.1500000000000004
2,3,27,0,2,2,2,-0.00056601040864165831,0.00032749041094435032,1126.556420457187,3.1500000000000004
2,3,28,0,2,2,2,-0.0011629453445114487,0.0015060542874407059,516.52565279454961,3.1500000000000004
2,3,29,0,2,2,2,0.0013234243323660831,0.0014413586036116709,516.5258614616672,3.1500000000000004
2,3,30,0,2,0,0,9.2051308058343676e-05,-0.00032918201645704034,0,3.1500000000000004
2,3,31,0,0,1,2,-0.00020484310372359291,-5.2070063222819816e-05,0,3.1500000000000004
2,3,32,0,0,2,2,-0.0016678657488382763,0.0006292774498351583,0,3.1500000000000004
2,3,33,0,0,2,2,-0.0017615673192885369,0.00061869398029985108,0,3.1500000000000004
2,3,34,0,2,2,2,-0.0019260431705451573,0.00099491425607592388,705.21716615122784,3.1500000000000004
2,3,35,0,2,2,2,-0.00014284982812203475,8.1771226625724548e-06,705.21777666473315,3.1500000000000004
2,3,36,0,2,2,2,-0.0016274103150771754,-0.0020471517804304395,1470.7720817724235,3.1500000000000004
2,3,37,0,2,2,2,-0.0087948139051602942,0.0054757883000945799,1469.8703170720935,3.1500000000000004
2,3,38,0,0,0,0,0.00013213226023721443,0,0,3.1500000000000004
2,3,39,0,0,2,2,-0.00038884783357913031,6.4611056815265134e-05,0,3.1500000000000004
2,3,40,0,2,2,1,-0.00061308302633748509,0.00029682745234577948,0,3.1500000000000004
2,3,41,0,0,2,2,-0.00010760517879724267,-1.1068301750930618e-06,0,3.1500000000000004
2,3,42,0,0,0,0,2.6276546404635229e-05,0,0,3.1500000000000004
2,3,43,0,2,2,2,-0.0014058669602970452,0.0015666700307944796,716.12696583942477,3.1500000000000004
2,3,44,0,2,2,2,-0.0017756558776639432,0.0023185415774337262,716.12680634647586,3.1500000000000004
2,3,45,0,0,2,1,-0.00053882269973845012,0.00034483782126340599,0,3.1500000000000004
2,3,46,0,0,2,2,-0.0035080924103621973,0.00039261070233658022,0,3.1500000000000004
2,3,47,1,0,3,3,-0.0002320357363233762,0,0,3.1500000000000004
2,3,48,0,0,1,1,-0.00096727172955480905,0.00082326431000608307,0,3.1500000000000004
2,3,49,0,0,1,1,-0.0021346319828180029,0.00079756189323135012,0,3.1500000000000004
2,3,50,0,0,1,1,-0.00239524502239165,0.001310327641199088,0,3.1500000000000004
2,3,51,0,2,1,1,-6.1995886720316495e-05,0.0035985951110125269,0,3.1500000000000004
2,3,52,0,0,2,2,-0.0030522234154490512,0.00092102542144555891,0,3.1500000000000004
2,3,53,0,0,1,1,-6.1039570234721905e-05,1.0660998326474402e-05,0,3.1500000000000004
2,3,54,0,0,1,1,-0.0012477518208522942,0.00055558822739982736,0,3.1500000000000004
3,4,1,0,0,1,2,-0.00067754590663102405,-5.4053699932086688e-05,0,3.1500000000000004
3,4,2,0,0,1,2,-0.00076785825972600151,-5.0550682263032273e-05,0,3.1500000000000004
3,4,3,0,0,1,0,0.00016596902682201571,3.1500000000000002e-13,0,3.1500000000000004
3,4,4,0,2,2,2,-0.0029175355838716886,0.0035184834386363922,1493.4122994680433,3.1500000000000004
3,4,5,0,2,2,2,-0.00098906899226390739,0.00083747183621292551,1493.4129314929601,3.1500000000000004
3,4,6,0,1,2,2,-0.0035887109291399639,0.00023688890606082303,0,3.1500000000000004
3,4,7,0,0,1,2,-7.9419420961597455e-05,-0.00014299705449566881,0,3.1500000000000004
3,4,8,0,1,2,2,-0.0017265290815969088,0.00026741459474680866,0,3.1500000000000004
3,4,9,0,1,2,1,-2.0174934636170677e-05,-0.00033489516808331505,0,3.1500000000000004
3,4,10,0,1,2,2,-0.00087593014975993018,8.680806746816506e-05,0,3.1500000000000004
3,4,11,0,1,2,2,-0.0013022224396415226,-0.00012385313669269752,0,3.1500000000000004
3,4,12,0,0,1,1,-0.00081871182104075423,0.0002665731108851313,0,3.1500000000000004
3,4,13,0,0,1,1,-0.00059116929275976663,6.6278369896032279e-05,0,3.1500000000000004
3,4,14,0,1,2,1,-0.0010508793008434908,0.00048987753596257174,0,3.1500000000000004
3,4,15,0,2,2,2,-0.0010060320165696073,0.00080897334548726461,1049.0435907441854,3.1500000000000004
3,4,16,0,2,2,2,-0.003212058450053653,0.00011821170999541924,1049.10609295165,3.1500000000000004
3,4,17,0,0,0,0,0.00072814570915139573,0,0,3.1500000000000004
3,4,18,0,0,1,2,-0.00066657726139126151,-0.00012907703485068935,0,3.1500000000000004
3,4,19,0,0,1,2,-0.00071215688284796241,-0.00012555607743960733,0,3.1500000000000004
3,4,20,0,0,0,0,0.00086250433516575804,0,0,3.1500000000000004
3,4,21,0,0,0,0,0.0009885119879074456,0,0,3.1500000000000004
3,4,22,0,0,1,2,-0.00099028426364189794,-9.706316330571717e-06,0,3.1500000000000004
3,4,23,0,1,2,2,-0.0021599809050121639,0.00051658776510809308,0,3.1500000000000004
3,4,24,0,0,1,1,-7.2264547584240075e-05,0.00017260349474222591,0,3.1500000000000004
3,4,25,0,1,2,2,-0.0029603875421224746,0.0010500032042924025,0,3.1500000000000004
3,4,26,0,2,2,2,-0.0052277800737875876,0.0030615612612101468,1126.4412880697621,3.1500000000000004
3,4,27,0,2,2,2,-0.00049518083235462155,0.00017293585729254355,1126.4441260024196,3.1500000000000004
3,4,28,0,2,2,2,-0.0012078477060863031,0.0015677874830739911,516.48004147426116,3.1500000000000004
3,4,29,0,2,2,2,0.0013944447374666425,0.0015029538598606048,516.47994487993981,3.1500000000000004
3,4,30,0,0,0,0,0.00051448202918894436,0,0,3.1500000000000004
3,4,31,0,1,2,2,-0.00017957539954359882,-6.4313980544335213e-05,0,3.1500000000000004
3,4,32,0,1,2,2,-0.0015910062633628301,0.00055205360316803922,0,3.1500000000000004
3,4,33,0,1,2,2,-0.0017806269962614668,0.00053274126945901282,0,3.1500000000000004
3,4,34,0,2,2,2,-0.0019568580509611391,0.0010075369605260839,705.18166779655814,3.1500000000000004
3,4,35,0,2,2,2,-9.005113699675805e-05,-6.9348270851369423e-06,705.18232174772868,3.1500000000000004
3,4,36,0,2,2,2,-0.0014873877972587065,-0.0025519373420013866,1470.2145532159352,3.1500000000000004
3,4,37,0,2,2,2,-0.0090757653644601387,0.0058985464267441645,1469.1860534847449,3.1500000000000004
3,4,38,0,0,0,0,0.00016938995764213599,0,0,3.1500000000000004
3,4,39,0,1,2,2,-0.00035293936680666114,8.6061382070346215e-06,0,3.1500000000000004
3,4,40,0,0,1,2,-0.0005543517566276901,-3.1210408684996985e-05,0,3.1500000000000004
3,4,41,0,1,2,2,-0.00010513969430514111,-2.699704712586101e-06,0,3.1500000000000004
3,4,42,0,0,0,0,9.5057715831840467e-05,0,0,3.1500000000000004
3,4,43,0,2,2,2,-0.0014352920052484632,0.0015653905313115404,715.75329338156348,3.1500000000000004
3,4,44,0,2,2,2,-0.0017777287926653753,0.0026087445287572191,715.75308783006687,3.1500000000000004
3,4,45,0,0,1,2,-0.00044421749948876443,-2.097821071902866e-05,0,3.1500000000000004
3,4,46,0,1,2,2,-0.0034168377237167734,0.00041944457215256279,0,3.1500000000000004
3,4,47,1,0,3,3,-0.00011350019771302486,0,0,3.1500000000000004
3,4,48,0,0,1,1,-0.00098037708325407762,3.0064223413497384e-05,0,3.1500000000000004
3,4,49,0,0,1,1,-0.0021555476852435089,2.5536238475710381e-05,0,3.1500000000000004
3,4,50,0,0,1,2,-0.0025465587922107037,-1.0784097744703272e-05,0,3.1500000000000004
3,4,51,0,0,1,1,-0.0001239715847646662,7.1091177986008555e-05,0,3.1500000000000004
3,4,52,0,1,2,2,-0.0029991481528487294,0.0009764595237617519,0,3.1500000000000004
3,4,53,0,0,1,2,-5.7213303813149459e-05,-2.7250629618301954e-06,0,3.1500000000000004
3,4,54,0,0,1,1,-0.0014255225994967658,8.1408265527974869e-05,0,3.1500000000000004
3,5,1,0,0,2,2,-0.00064275628205879534,0.00026171546074636634,0,3.1500000000000004
3,5,2,0,0,2,2,-0.00074021919320797151,0.00026592463094701302,0,3.1500000000000004
3,5,3,0,0,0,0,0.00019468580471544358,3.1500000000000002e-13,0,3.1500000000000004
3,5,4,0,2,2,2,-0.002918363720336509,0.0035198060272121096,1493.4122994680433,3.1500000000000004
3,5,5,0,2,2,2,-0.00099167710848822735,0.00083879385704521128,1493.4129314929601,3.1500000000000004
3,5,6,0,1,2,2,-0.0035903707870953063,0.0002568647421148844,0,3.1500000000000004
3,5,7,0,0,2,1,-7.8687546124039628e-05,-0.00014260939289937333,0,3.1500000000000004
3,5,8,0,1,2,2,-0.0017260645526168718,0.00026810265048817308,0,3.1500000000000004
3,5,9,0,1,1,1,-2.1105139773071096e-05,-0.00033947177865182286,0,3.1500000000000004
3,5,10,0,1,2,2,-0.00087450716040877985,8.2388574919944969e-05,0,3.1500000000000004
3,5,11,0,1,2,2,-0.0012998021355858694,-0.00012697742360703201,0,3.1500000000000004
3,5,12,0,0,1,1,-0.00082082166600250196,0.00028675231383439807,0,3.1500000000000004
3,5,13,0,0,1,1,-0.000591005773967667,7.8975071724794691e-05,0,3.1500000000000004
3,5,14,0,1,1,1,-0.0010513974481820773,0.00050255627076097118,0,3.1500000000000004
3,5,15,0,2,2,2,-0.00096086181542662762,0.00074465572627151048,1049.0435907441854,3.1500000000000004
3,5,16,0,2,2,2,-0.0031842020970541895,8.0569439801750716e-05,1049.10609295165,3.1500000000000004
3,5,17,0,0,0,0,0.00073767080895582025,0,0,3.1500000000000004
3,5,18,0,0,2,1,-0.00063372519224786045,0.00031256803555596843,0,3.1500000000000004
3,5,19,0,0,2,1,-0.00068930184671327926,0.00031671907405393809,0,3.1500000000000004
3,5,20,0,0,0,0,0.00086737045123653372,0,0,3.1500000000000004
3,5,21,0,0,0,0,0.0010190787786996175,0,0,3.1500000000000004
3,5,22,0,0,2,2,-0.00095637841152805493,0.00014752937679756136,0,3.1500000000000004
3,5,23,0,1,2,2,-0.0021680488975867637,0.00049409022782569557,0,3.1500000000000004
3,5,24,0,0,1,1,-8.0626948165313418e-05,0.00022548688579449334,0,3.1500000000000004
3,5,25,0,1,2,2,-0.0029297056470547387,0.0012794432570844947,0,3.1500000000000004
3,5,26,0,2,2,2,-0.005261370392390813,0.0031751423687265729,1126.4412880697621,3.1500000000000004
3,5,27,0,2,2,2,-0.00048554227508130912,0.00011330580429624708,1126.4441260024196,3.1500000000000004
3,5,28,0,2,2,2,-0.001129896035349335,0.0014680106776777107,516.48004147426116,3.1500000000000004
3,5,29,0,2,2,2,0.0013510305201211675,0.0016221134010220085,516.47994487993981,3.1500000000000004
3,5,30,0,0,0,0,0.0005011959591793995,0,0,3.1500000000000004
3,5,31,0,1,2,1,-0.00018254783173766753,-9.5288537663259658e-05,0,3.1500000000000004
3,5,32,0,1,2,2,-0.0015903951346632381,0.00055022077400161706,0,3.1500000000000004
3,5,33,0,1,2,2,-0.0017798812483302557,0.00053201283686034166,0,3.1500000000000004
3,5,34,0,2,2,2,-0.0019582306899163207,0.0010086408635597731,705.18166779655814,3.1500000000000004
3,5,35,0,2,2,2,-8.7750170494671758e-05,-8.5245372462551349e-06,705.18232174772868,3.1500000000000004
3,5,36,0,2,2,2,-0.0014868873167136459,-0.0025518117973033464,1470.2145532159352,3.1500000000000004
3,5,37,0,2,2,2,-0.0090885818409006842,0.0059076147804560516,1469.1860534847449,3.1500000000000004
3,5,38,0,0,0,0,0.00017159132732493844,0,0,3.1500000000000004
3,5,39,0,1,2,2,-0.00031332799087415862,7.1358618238675562e-05,0,3.1500000000000004
3,5,40,0,0,2,2,-0.00055060149644317027,4.2912297694383506e-05,0,3.1500000000000004
3,5,41,0,1,2,2,-0.00010524624272078233,-2.6569215833303445e-06,0,3.1500000000000004
3,5,42,0,0,0,0,9.8048899571735428e-05,0,0,3.1500000000000004
3,5,43,0,2,2,2,-0.0014619853571978163,0.0015777476337831473,715.75329338156348,3.1500000000000004
3,5,44,0,2,2,2,-0.0017232682798786984,0.0025103915051647449,715.75308783006687,3.1500000000000004
3,5,45,0,0,2,2,-0.00039977261122372193,8.4646014033735439e-05,0,3.1500000000000004
3,5,46,0,1,2,2,-0.0034276331146240557,0.00053422269634663313,0,3.1500000000000004
3,5,47,1,0,3,3,-7.0100581140737552e-05,0,0,3.1500000000000004
3,5,48,0,0,1,1,-0.00096345346280552195,0.00054275355972860991,0,3.1500000000000004
3,5,49,0,0,1,1,-0.002265254960667179,0.0005267629124725674,0,3.1500000000000004
3,5,50,0,0,2,2,-0.0025375344500266489,0.00071547939067151129,0,3.1500000000000004
3,5,51,0,0,1,1,-0.0001245840947856318,0.00018594757725164265,0,3.1500000000000004
3,5,52,0,1,2,2,-0.0030186870451896076,0.00094743717614553791,0,3.1500000000000004
3,5,53,0,0,2,2,-5.5909688980118139e-05,7.746222441315801e-06,0,3.1500000000000004
3,5,54,0,0,1,1,-0.0014233073617793621,0.00021912672958115074,0,3.1500000000000004
4,6,1,0,1,2,1,-0.0004132280884619394,0.00021546184090372151,0,3.1500000000000004
4,6,2,0,1,2,1,-0.00050964469990796011,0.00022483220221226769,0,3.1500000000000004
4,6,3,0,0,0,0,0.000706559493318121,0,0,3.1500000000000004
4,6,4,0,2,2,2,-0.0029281705767501202,0.0035072620728323284,1493.6014370182763,3.1500000000000004
4,6,5,0,2,2,2,-0.0010404880714311444,0.0010512037461880889,1493.6020673429439,3.1500000000000004
4,6,6,0,1,2,2,-0.0037998787393408802,-0.0001461967640052978,0,3.1500000000000004
4,6,7,0,0,1,0,4.2157346255787358e-05,-3.1500000000000002e-13,0,3.1500000000000004
4,6,8,0,1,2,2,-0.0015042654206897847,0.00011048034889125298,0,3.1500000000000004
4,6,9,0,0,1,0,0.00024025768786554096,-3.1500000000000002e-13,0,3.1500000000000004
4,6,10,0,1,2,2,-0.00047233394076915905,-9.9476409426955996e-05,0,3.1500000000000004
4,6,11,0,1,2,2,-0.0013731908862254138,-0.00045091131392412586,0,3.1500000000000004
4,6,12,0,0,1,2,-0.00085962249062901256,-0.00012368580074741142,0,3.1500000000000004
4,6,13,0,0,1,2,-0.00063681264868789512,-0.0002118901732451184,0,3.1500000000000004
4,6,14,0,0,1,2,-0.0010856519037552542,-0.0002138344261887736,0,3.1500000000000004
4,6,15,0,2,2,2,-0.00063051980275786806,0.00085273823382026514,1049.0765314540852,3.1500000000000004
4,6,16,0,2,2,2,-0.0034920445048578011,0.00029002465314205699,1049.0754335636777,3.1500000000000004
4,6,17,0,0,0,0,0.00063506396890928283,0,0,3.1500000000000004
4,6,18,0,0,1,2,-0.00046088810268187939,-8.2019336100583673e-05,0,3.1500000000000004
4,6,19,0,0,1,2,-0.00051462276231309292,-7.8115353743299701e-05,0,3.1500000000000004
4,6,20,0,0,0,0,0.0013210595898659125,0,0,3.1500000000000004
4,6,21,0,0,0,0,0.001828399170065735,0,0,3.1500000000000004
4,6,22,0,1,2,2,-0.0010644700544995744,0.0001216743533940128,0,3.1500000000000004
4,6,23,0,1,2,2,-0.0021400584981826716,0.00049846193890124284,0,3.1500000000000004
4,6,24,0,0,1,1,-1.8262617201946448e-05,4.2144658312756645e-05,0,3.1500000000000004
4,6,25,0,1,2,2,-0.0030990312239998082,0.0012800948757100497,0,3.1500000000000004
4,6,26,0,2,2,2,-0.0053651800677424746,0.0031489427315809764,1126.4022433929408,3.1500000000000004
4,6,27,0,2,2,2,-0.00047022939835144727,-3.502107769503384e-05,1126.4052891837157,3.1500000000000004
4,6,28,0,2,2,2,-0.0011066648589336725,0.0015315736920668581,516.33057702642895,3.1500000000000004
4,6,29,0,2,2,2,0.0014291784482936183,0.001657691123162678,516.33044426019012,3.1500000000000004
4,6,30,0,0,0,0,0.0008965010765616642,0,0,3.1500000000000004
4,6,31,0,0,1,1,-0.00016138092350962135,-1.1638358889276342e-05,0,3.1500000000000004
4,6,32,0,1,2,2,-0.0015117754198706887,0.0004728873615047947,0,3.1500000000000004
4,6,33,0,1,2,2,-0.0017970061225173492,0.00041829521224625627,0,3.1500000000000004
4,6,34,0,2,2,2,-0.0019816019550678533,0.0010155052124744166,705.16185830479048,3.1500000000000004
4,6,35,0,2,2,2,-4.7264552622364353e-05,-1.5802289009133369e-05,705.16675021923038,3.1500000000000004
4,6,36,0,2,2,2,-0.001441511091061118,-0.0028763382599192476,1469.9517916937509,3.1500000000000004
4,6,37,0,2,2,2,-0.009339723936644298,0.0063331968383326153,1468.6705646495395,3.1500000000000004
4,6,38,0,0,0,0,0.00021183332472174415,0,0,3.1500000000000004
4,6,39,0,1,2,2,-0.00028442608599853919,-2.5897889156640188e-05,0,3.1500000000000004
4,6,40,0,1,2,2,-0.0004777616273400813,-2.7625895842681741e-05,0,3.1500000000000004
4,6,41,0,1,2,2,-0.0001028957082098889,-4.1526163345122169e-06,0,3.1500000000000004
4,6,42,0,0,0,0,0.00016516295346891868,0,0,3.1500000000000004
4,6,43,0,2,2,2,-0.0014750257922387722,0.0015355833046306821,715.72768902087091,3.1500000000000004
4,6,44,0,2,2,2,-0.001669819487866473,0.0026856187543538215,715.72754378565696,3.1500000000000004
4,6,45,0,1,2,2,-0.00031211871771666562,5.6872578268239439e-05,0,3.1500000000000004
4,6,46,0,1,2,2,-0.0033385297915767688,0.00055184120292567753,0,3.1500000000000004
4,6,47,1,0,3,0,3.8676649487549267e-05,0,0,3.1500000000000004
4,6,48,0,0,1,1,-0.00097704155252460452,1.241801118542688e-05,0,3.1500000000000004
4,6,49,0,0,1,1,-0.0022817688553054671,8.3814198104699174e-06,0,3.1500000000000004
4,6,50,0,1,2,2,-0.0026798131643690462,0.0006966126508609979,0,3.1500000000000004
4,6,51,0,0,1,2,-0.00019163922058888124,-3.1347389260152923e-05,0,3.1500000000000004
4,6,52,0,1,2,2,-0.0029746324776271879,0.00095780222954886104,0,3.1500000000000004
4,6,53,0,1,2,2,-5.2408060804836979e-05,4.9303098186790459e-06,0,3.1500000000000004
4,6,54,0,0,1,1,-0.0015918200410728932,7.8106281982080481e-05,0,3.1500000000000004
4,7,1,0,1,1,1,-0.00042894008546607497,0.00032436326872858635,0,3.1500000000000004
4,7,2,0,1,1,1,-0.00052781386204300124,0.00033335083983570163,0,3.1500000000000004
4,7,3,0,0,0,0,0.00070484199522829907,0,0,3.1500000000000004
4,7,4,0,2,2,2,-0.0029291721580712712,0.003504950977665029,1493.6014370182763,3.1500000000000004
4,7,5,0,2,2,2,-0.0010038322783514993,0.00100713798784405,1493.6020673429439,3.1500000000000004
4,7,6,0,1,2,2,-0.0038001331100146201,7.736849977977038e-05,0,3.1500000000000004
4,7,7,0,0,0,0,0.00013902864838343437,-3.1500000000000002e-13,0,3.1500000000000004
4,7,8,0,1,2,2,-0.0014576164217559679,0.00022884589262360473,0,3.1500000000000004
4,7,9,0,0,0,0,0.00033001030729210186,-3.1500000000000002e-13,0,3.1500000000000004
4,7,10,0,1,2,2,-0.00042261700281574739,-4.7663055575876293e-06,0,3.1500000000000004
4,7,11,0,1,2,2,-0.0013924653829401404,-0.00033917741153097409,0,3.1500000000000004
4,7,12,0,0,2,2,-0.00083446529300207947,0.00031266010621732338,0,3.1500000000000004
4,7,13,0,0,2,2,-0.00061081414870133954,0.00011962472304287693,0,3.1500000000000004
4,7,14,0,0,2,2,-0.0010774933400224261,0.0001185923509450208,0,3.1500000000000004
4,7,15,0,2,2,2,-0.0006391504440627203,0.00092211467828616652,1049.0765314540852,3.1500000000000004
4,7,16,0,2,2,2,-0.0034369307800069275,0.00034290502814448361,1049.0754335636777,3.1500000000000004
4,7,17,0,0,0,0,0.00056590995347801439,0,0,3.1500000000000004
4,7,18,0,0,2,2,-0.00046285548696372978,0.00012247001828270915,0,3.1500000000000004
4,7,19,0,0,2,2,-0.00052121136916323399,0.00012627739975747343,0,3.1500000000000004
4,7,20,0,0,0,0,0.001315278938468626,0,0,3.1500000000000004
4,7,21,0,0,0,0,0.0018501259935435692,0,0,3.1500000000000004
4,7,22,0,1,2,2,-0.0010521291843454128,0.00017164068832655109,0,3.1500000000000004
4,7,23,0,1,2,2,-0.002132185332520358,0.00047972863734716724,0,3.1500000000000004
4,7,24,0,0,1,1,-2.7344483154943071e-05,5.5926031430853721e-05,0,3.1500000000000004
4,7,25,0,1,2,1,-0.0030855013676656167,0.0013713916182257772,0,3.1500000000000004
4,7,26,0,2,2,2,-0.0053610521524377983,0.0031589498894006307,1126.4022433929408,3.1500000000000004
4,7,27,0,2,2,2,-0.00048635850907421534,-4.5310149781257965e-06,1126.4052891837157,3.1500000000000004
4,7,28,0,2,2,2,-0.0010596120885078466,0.0014471056315109002,516.33057702642895,3.1500000000000004
4,7,29,0,2,2,2,0.0014491294156066146,0.0016077742396756554,516.33044426019012,3.1500000000000004
4,7,30,0,0,0,0,0.00089197664387573533,0,0,3.1500000000000004
4,7,31,0,0,1,1,-0.00016481043569923574,-3.0504112543766002e-05,0,3.1500000000000004
4,7,32,0,1,2,2,-0.0015195526501723213,0.00050258890499987896,0,3.1500000000000004
4,7,33,0,1,2,2,-0.0018045866613707105,0.00047389775535401635,0,3.1500000000000004
4,7,34,0,2,2,2,-0.0019862027608207131,0.0010237831837439329,705.16185830479048,3.1500000000000004
4,7,35,0,2,2,2,-4.0178565877125127e-05,-2.7980855916566409e-05,705.16675021923038,3.1500000000000004
4,7,36,0,2,2,2,-0.0013259794948736283,-0.0030567570154094517,1469.9517916937509,3.1500000000000004
4,7,37,0,2,2,2,-0.0093372592859231225,0.0063645746995798121,1468.6705646495395,3.1500000000000004
4,7,38,0,0,0,0,0.00021796809992141641,0,0,3.1500000000000004
4,7,39,0,1,2,2,-0.00025458464520581778,-3.6938935667216535e-06,0,3.1500000000000004
4,7,40,0,1,2,2,-0.00046264388972659296,6.4036983603074825e-06,0,3.1500000000000004
4,7,41,0,1,2,2,-0.00010331618156891583,-4.1952292327529405e-06,0,3.1500000000000004
4,7,42,0,0,0,0,0.00016913272470561074,0,0,3.1500000000000004
4,7,43,0,2,2,2,-0.0014837051604633476,0.0015580381222500927,715.72768902087091,3.1500000000000004
4,7,44,0,2,2,2,-0.0016551759783530779,0.0026462125379305194,715.72754378565696,3.1500000000000004
4,7,45,0,1,2,2,-0.00032083282234346091,-2.7998392204305056e-06,0,3.1500000000000004
4,7,46,0,1,2,2,-0.0033173897748186554,0.00049517989060067025,0,3.1500000000000004
4,7,47,1,0,0,0,2.653457975720813e-05,0,0,3.1500000000000004
4,7,48,0,0,1,1,-0.00097533396075685699,2.5392345152652143e-05,0,3.1500000000000004
4,7,49,0,0,1,1,-0.0022832686487774269,2.1485295345485094e-05,0,3.1500000000000004
4,7,50,0,1,2,2,-0.0026761353930332627,0.00078066391829425109,0,3.1500000000000004
4,7,51,0,0,2,2,-0.00018695766742632262,5.3442820352244551e-05,0,3.1500000000000004
4,7,52,0,1,2,2,-0.0029782945833302416,0.00095519394477762355,0,3.1500000000000004
4,7,53,0,1,2,2,-5.3094296174758564e-05,5.7468347219733144e-06,0,3.1500000000000004
4,7,54,0,0,1,1,-0.0015844406410598722,0.00016438662766844549,0,3.1500000000000004
5,8,1,0,0,1,2,-0.00022345429520776889,-6.2299029007086779e-05,0,3.1500000000000004
5,8,2,0,0,1,2,-0.00032091904476989799,-5.7692084117637093e-05,0,3.1500000000000004
5,8,3,0,0,0,0,0.0012075237427504946,0,0,3.1500000000000004
5,8,4,0,2,2,2,-0.0029367729849016097,0.0034908049720870321,1493.7960271403597,3.1500000000000004
5,8,5,0,2,2,2,-0.001022808705439231,0.001201101198799391,1493.7966606343712,3.1500000000000004
5,8,6,0,1,2,2,-0.0039868671373788122,-0.00017533341038903502,0,3.1500000000000004
5,8,7,0,0,0,0,0.00035318427491253456,0,0,3.1500000000000004
5,8,8,0,1,2,2,-0.0011825139852224657,0.00016936563293814427,0,3.1500000000000004
5,8,9,0,0,0,0,0.00067961997740342514,0,0,3.1500000000000004
5,8,10,0,1,2,0,2.8744522537127914e-05,-4.7663055575876293e-06,0,3.1500000000000004
5,8,11,0,1,2,2,-0.0014907942941044363,-0.00060425855331283553,0,3.1500000000000004
5,8,12,0,1,2,2,-0.00085491481960656623,0.0003545026073450676,0,3.1500000000000004
5,8,13,0,1,2,2,-0.00064755366515295413,4.0415254390271609e-05,0,3.1500000000000004
5,8,14,0,1,2,2,-0.0011098003551499984,3.7717004287449266e-05,0,3.1500000000000004
5,8,15,0,2,2,2,-0.00032482106100751082,0.0011048625078385484,1049.0136492866225,3.1500000000000004
5,8,16,0,2,2,2,-0.0036836399967100394,0.00061407694903749949,1049.0122906308482,3.1500000000000004
5,8,17,0,0,0,0,0.00038400155099651358,0,0,3.1500000000000004
5,8,18,0,1,2,2,-0.00031575159531901817,5.593507407145566e-05,0,3.1500000000000004
5,8,19,0,1,2,2,-0.0003726071330462684,6.305962651307942e-05,0,3.1500000000000004
5,8,20,0,0,0,0,0.0017832365322959394,0,0,3.1500000000000004
5,8,21,0,0,0,0,0.0026786797035167073,0,0,3.1500000000000004
5,8,22,0,1,2,2,-0.0011539692574830862,0.00013668732836562178,0,3.1500000000000004
5,8,23,0,1,2,2,-0.0020868261167433871,0.00049640106838213952,0,3.1500000000000004
5,8,24,0,0,1,0,3.2946815977014384e-05,3.1500000000000002e-13,0,3.1500000000000004
5,8,25,0,0,1,2,-0.0032473784046704109,-1.0364825497905952e-05,0,3.1500000000000004
5,8,26,0,2,2,2,-0.0054520875387649133,0.0031262325487810571,1126.4177578974811,3.1500000000000004
5,8,27,0,2,2,2,-0.0004777823424486377,-0.00017996713142621489,1126.4226588489075,3.1500000000000004
5,8,28,0,2,2,2,-0.0010156836919068923,0.0014863086202305611,516.33890652612138,3.1500000000000004
5,8,29,0,2,2,2,0.0015268148378185106,0.0016378463440144095,516.33866995493884,3.1500000000000004
5,8,30,0,0,0,0,0.0012827214524269378,0,0,3.1500000000000004
5,8,31,0,0,1,1,-0.00014564304352612011,-8.3072156209242546e-06,0,3.1500000000000004
5,8,32,0,1,2,2,-0.001448316554764142,0.00044349362606656783,0,3.1500000000000004
5,8,33,0,1,2,2,-0.0018290418990980052,0.00038879760702371848,0,3.1500000000000004
5,8,34,0,2,2,2,-0.0020094765543971424,0.00103581331184983,705.13602301737092,3.1500000000000004
5,8,35,0,2,2,2,-1.8393599374628988e-07,-4.379903165907886e-05,705.1506949074975,3.1500000000000004
5,8,36,0,2,2,2,-0.0012677649387203311,-0.0033900131250887092,1469.672822854903,3.1500000000000004
5,8,37,0,2,2,2,-0.0095528400599489589,0.0068212769485676162,1468.1384753010802,3.1500000000000004
5,8,38,0,0,0,0,0.00026186976195011571,0,0,3.1500000000000004
5,8,39,0,1,2,1,-0.00019926061774286325,-8.937743053651457e-05,0,3.1500000000000004
5,8,40,0,1,2,2,-0.000372459412654045,-4.1081999806359389e-05,0,3.1500000000000004
5,8,41,0,1,2,2,-0.00010142817520842273,-5.5527207313469584e-06,0,3.1500000000000004
5,8,42,0,0,0,0,0.00023413900948169301,0,0,3.1500000000000004
5,8,43,0,2,2,2,-0.0014918629431467194,0.0015265708829974114,715.72021493253192,3.1500000000000004
5,8,44,0,2,2,2,-0.0016157584440544177,0.0028220394823359547,715.72012103005193,3.1500000000000004
5,8,45,0,1,2,2,-0.00021810152373780094,-2.1700139436515945e-05,0,3.1500000000000004
5,8,46,0,1,2,2,-0.0032183616021897567,0.00052779992108235364,0,3.1500000000000004
5,8,47,1,0,0,0,0.00014871243691337696,0,0,3.1500000000000004
5,8,48,0,0,1,1,-0.00097376904178124218,4.9415235159006038e-05,0,3.1500000000000004
5,8,49,0,0,1,1,-0.0022941234063690403,4.8013374393461907e-05,0,3.1500000000000004
5,8,50,0,1,2,2,-0.0027952226346801673,0.00081087584273889198,0,3.1500000000000004
5,8,51,0,1,2,2,-0.00025396214982062188,2.3288199005741727e-05,0,3.1500000000000004
5,8,52,0,1,2,2,-0.0029299599037893101,0.00097347632005959724,0,3.1500000000000004
5,8,53,0,1,2,2,-5.0053990114976745e-05,4.1275678210557527e-06,0,3.1500000000000004
5,8,54,0,0,1,1,-0.0017454472942047741,8.8208139648030708e-05,0,3.1500000000000004
5,9,1,0,0,2,1,-0.00022330800582547484,0.00021688449549675773,0,3.1500000000000004
5,9,2,0,0,2,1,-0.00032707876748016781,0.00022142346893101088,0,3.1500000000000004
5,9,3,0,0,0,0,0.0012090470551640695,0,0,3.1500000000000004
5,9,4,0,2,2,2,-0.0029382257848288703,0.0034926441081969805,1493.7960271403597,3.1500000000000004
5,9,5,0,2,2,2,-0.0010251769048215573,0.0012036126950511667,1493.7966606343712,3.1500000000000004
5,9,6,0,1,2,2,-0.0039831566515841224,-0.00019136830147928132,0,3.1500000000000004
5,9,7,0,0,0,0,0.00034916889312938486,0,0,3.1500000000000004
5,9,8,0,1,2,2,-0.0011762005774861169,0.0001489914464262863,0,3.1500000000000004
5,9,9,0,0,0,0,0.00067556918202088664,0,0,3.1500000000000004
5,9,10,0,1,0,0,3.6197716418303878e-05,-4.7663055575876293e-06,0,3.1500000000000004
5,9,11,0,1,2,2,-0.0014893180335206712,-0.00060994729997706902,0,3.1500000000000004
5,9,12,0,1,2,2,-0.00085387716434344463,0.00034947181865121704,0,3.1500000000000004
5,9,13,0,1,2,2,-0.00064650615874325685,3.4758542996354716e-05,0,3.1500000000000004
5,9,14,0,1,2,2,-0.0011084498278622226,3.2130031578118042e-05,0,3.1500000000000004
5,9,15,0,2,2,2,-0.00031451155030170493,0.0010953993196890555,1049.0136492866225,3.1500000000000004
5,9,16,0,2,2,2,-0.0036676977177634617,0.00060209987948618314,1049.0122906308482,3.1500000000000004
5,9,17,0,0,0,0,0.00037404992168219465,0,0,3.1500000000000004
5,9,18,0,1,2,1,-0.00033157861789731666,0.00016239072776225139,0,3.1500000000000004
5,9,19,0,1,2,2,-0.0003908346524150346,0.00016913061590736466,0,3.1500000000000004
5,9,20,0,0,0,0,0.00178622344156323,0,0,3.1500000000000004
5,9,21,0,0,0,0,0.0026886813346488937,0,0,3.1500000000000004
5,9,22,0,1,2,2,-0.0011372112877604213,0.00028247216004134083,0,3.1500000000000004
5,9,23,0,1,2,2,-0.0021022024809478532,0.00043796663900333562,0,3.1500000000000004
5,9,24,0,0,0,0,0.00010565056455942039,3.1500000000000002e-13,0,3.1500000000000004
5,9,25,0,0,2,2,-0.0031868085508370125,0.00047405392934535414,0,3.1500000000000004
5,9,26,0,2,2,2,-0.0055128478814942842,0.0033329882472965871,1126.4177578974811,3.1500000000000004
5,9,27,0,2,2,2,-0.00049193891350605848,-0.0001166212060159877,1126.4226588489075,3.1500000000000004
5,9,28,0,2,2,2,-0.0011076446260840857,0.0016333739681942861,516.33890652612138,3.1500000000000004
5,9,29,0,2,2,2,0.0015150648383505359,0.0016666200708385182,516.33866995493884,3.1500000000000004
5,9,30,0,0,0,0,0.0013037915344894292,0,0,3.1500000000000004
5,9,31,0,0,1,1,-0.00014054975137597702,-2.1518550505284224e-05,0,3.1500000000000004
5,9,32,0,1,2,2,-0.001447858702137914,0.00044259402037843151,0,3.1500000000000004
5,9,33,0,1,2,2,-0.0018284755165166862,0.00038643829427323926,0,3.1500000000000004
5,9,34,0,2,2,2,-0.0020097365470526408,0.0010360697125936062,705.13602301737092,3.1500000000000004
5,9,35,0,2,2,2,1.7673989309024301e-07,-4.4077197886345499e-05,705.1506949074975,3.1500000000000004
5,9,36,0,2,2,2,-0.001258692261547061,-0.0033968163751195626,1469.672822854903,3.1500000000000004
5,9,37,0,2,2,2,-0.0095600958521775223,0.0068273180804531977,1468.1384753010802,3.1500000000000004
5,9,38,0,0,0,0,0.00026446907151170544,0,0,3.1500000000000004
5,9,39,0,1,1,1,-0.00019882811042590555,-9.8529595876827703e-05,0,3.1500000000000004
5,9,40,0,1,2,2,-0.00036759663077504568,-4.8844761529519628e-05,0,3.1500000000000004
5,9,41,0,1,2,2,-0.00010141131047871898,-5.65351471567227e-06,0,3.1500000000000004
5,9,42,0,0,0,0,0.00023684309279105092,0,0,3.1500000000000004
5,9,43,0,2,2,2,-0.0014767373682809386,0.001586761591028184,715.72021493253192,3.1500000000000004
5,9,44,0,2,2,2,-0.0017402184435873242,0.0029936442110648784,715.72012103005193,3.1500000000000004
5,9,45,0,1,2,2,-0.00022218212997769952,-4.5514002799071194e-05,0,3.1500000000000004
5,9,46,0,1,2,2,-0.0032104510041665668,0.00050482101860323031,0,3.1500000000000004
5,9,47,1,0,0,0,0.00014508789015134731,0,0,3.1500000000000004
5,9,48,0,0,1,1,-0.00097264763253489825,3.2181222631740289e-05,0,3.1500000000000004
5,9,49,0,0,1,1,-0.002288822811623451,3.1638042519288096e-05,0,3.1500000000000004
5,9,50,0,1,2,2,-0.0028033200108385594,0.00082111023506212179,0,3.1500000000000004
5,9,51,0,1,2,1,-0.00025033857341743529,0.00029990741178497534,0,3.1500000000000004
5,9,52,0,1,2,2,-0.0029358322199065064,0.0011728260572019932,0,3.1500000000000004
5,9,53,0,1,2,2,-5.0032650718146723e-05,3.5671818307688385e-06,0,3.1500000000000004
5,9,54,0,0,1,1,-0.0017528247662049524,0.00012319314796516829,0,3.1500000000000004
6,10,1,0,0,1,1,-3.9978605469255383e-05,4.7424306830965541e-05,0,3.1500000000000004
6,10,2,0,0,1,1,-0.00014480864688485293,5.1496185062864958e-05,0,3.1500000000000004
6,10,3,0,0,0,0,0.0017093631455814325,0,0,3.1500000000000004
6,10,4,0,2,2,2,-0.0029454992385016662,0.0034805505585315212,1493.9684305204464,3.1500000000000004
6,10,5,0,2,2,2,-0.0010237967872935047,0.0013972934937538288,1493.9690647835025,3.1500000000000004
6,10,6,0,1,2,2,-0.0041266465255221313,-0.00044391615859368727,0,3.1500000000000004
6,10,7,0,0,0,0,0.00063374706393301127,0,0,3.1500000000000004
6,10,8,0,1,2,2,-0.00082400513029944056,9.4342256969408872e-05,0,3.1500000000000004
6,10,9,0,0,0,0,0.0010983178889596801,0,0,3.1500000000000004
6,10,10,0,0,0,0,0.00056291074890332457,0,0,3.1500000000000004
6,10,11,0,1,2,1,-0.0016112444170016042,-0.00085633227056251674,0,3.1500000000000004
6,10,12,0,1,2,1,-0.00085203091003944065,0.00037759029162310275,0,3.1500000000000004
6,10,13,0,1,2,2,-0.00067743530649806032,-4.7083884639977676e-05,0,3.1500000000000004
6,10,14,0,1,2,2,-0.0011347722039435312,-5.1063903455855506e-05,0,3.1500000000000004
6,10,15,0,2,2,2,-1.317424875812111e-05,0.0013464077066487412,1048.9495868551321,3.1500000000000004
6,10,16,0,2,2,2,-0.0038343354811422288,0.00092529802022385684,1048.9479958694867,3.1500000000000004
6,10,17,0,0,0,0,0.00010244728193298626,0,0,3.1500000000000004
6,10,18,0,0,1,2,-0.00020895503134863873,-7.3730589811098787e-06,0,3.1500000000000004
6,10,19,0,1,2,1,-0.00026804393360681559,0.00016456359986700197,0,3.1500000000000004
6,10,20,0,0,0,0,0.0022920144010115228,0,0,3.1500000000000004
6,10,21,0,0,0,0,0.0035555814252883049,0,0,3.1500000000000004
6,10,22,0,1,2,2,-0.0012215469905949849,0.0002945998605397974,0,3.1500000000000004
6,10,23,0,1,2,2,-0.002057199774494672,0.0004144729689049189,0,3.1500000000000004
6,10,24,0,0,0,0,0.00020495569624804521,0,0,3.1500000000000004
6,10,25,0,1,2,2,-0.0033114513791000777,0.00059280358240083419,0,3.1500000000000004
6,10,26,0,2,2,2,-0.00554910221093214,0.0032410165969713632,1126.2942997597627,3.1500000000000004
6,10,27,0,2,2,2,-0.00052516905376443987,-0.00030011189337217538,1126.3554198597919,3.1500000000000004
6,10,28,0,2,2,2,-0.0010922877956682947,0.001714184211817139,516.25668474055931,3.1500000000000004
6,10,29,0,2,2,2,0.0015567153017873761,0.0017088724370527308,516.25642589735344,3.1500000000000004
6,10,30,0,0,0,0,0.0016934191773464629,0,0,3.1500000000000004
6,10,31,0,0,1,1,-0.00012171193418809994,-3.884387208371087e-05,0,3.1500000000000004
6,10,32,0,1,2,2,-0.0013823661925980947,0.00039589925742401083,0,3.1500000000000004
6,10,33,0,1,2,2,-0.0018587623185115606,0.00031023310982597338,0,3.1500000000000004
6,10,34,0,2,2,2,-0.0020285483097059404,0.0010494219637056791,705.11504390094615,3.1500000000000004
6,10,35,0,2,2,2,3.2031918209019356e-05,-6.2576472062247655e-05,705.13780593184811,3.1500000000000004
6,10,36,0,2,2,2,-0.0011931488867585622,-0.003705932529435007,1469.4004519370569,3.1500000000000004
6,10,37,0,2,2,2,-0.0097295633676738429,0.007301880956563785,1467.6956674121368,3.1500000000000004
6,10,38,0,0,0,0,0.00032556303154069216,0,0,3.1500000000000004
6,10,39,0,0,1,1,-0.00012754229300138655,-0.00014892409737646408,0,3.1500000000000004
6,10,40,0,1,2,1,-0.00023248798776331464,-0.00014367450210245967,0,3.1500000000000004
6,10,41,0,1,2,2,-9.9973582270692179e-05,-6.8935392023701041e-06,0,3.1500000000000004
6,10,42,0,0,0,0,0.00031102180391369535,0,0,3.1500000000000004
6,10,43,0,2,2,2,-0.0014788336272393583,0.0015923740354979912,715.61303132253693,3.1500000000000004
6,10,44,0,2,2,2,-0.0016976226857619563,0.0031943053089703759,715.6128834495596,3.1500000000000004
6,10,45,0,1,2,1,-0.00013629622279481393,-6.7925366867755302e-05,0,3.1500000000000004
6,10,46,0,1,2,2,-0.003124373173003926,0.00052623518412665187,0,3.1500000000000004
6,10,47,1,0,0,0,0.0002492113957934122,0,0,3.1500000000000004
6,10,48,0,0,1,1,-0.00096675707879020239,3.1179203121001573e-05,0,3.1500000000000004
6,10,49,0,0,1,1,-0.0022910016953857667,3.1446350389616488e-05,0,3.1500000000000004
6,10,50,0,1,2,2,-0.0029083967627848324,0.00084277313381741787,0,3.1500000000000004
6,10,51,0,0,1,1,-0.00029550007197476586,0.00017795098804747808,0,3.1500000000000004
6,10,52,0,1,2,2,-0.0028944233287237142,0.0012129729544632633,0,3.1500000000000004
6,10,53,0,1,2,2,-4.7596723531769203e-05,1.9170759390029857e-06,0,3.1500000000000004
6,10,54,0,0,1,1,-0.0019104773155363124,0.00011604314496791124,0,3.1500000000000004
7,11,1,0,0,1,0,0.00014798668357538837,3.1500000000000002e-13,0,3.1500000000000004
7,11,2,0,0,1,0,4.1992556516658928e-05,3.1500000000000002e-13,0,3.1500000000000004
7,11,3,0,0,0,0,0.0022058216949226712,0,0,3.1500000000000004
7,11,4,0,2,2,2,-0.0029492993053951153,0.0034757510713715007,1494.1336234663286,3.1500000000000004
7,11,5,0,2,2,2,-0.0010678213386373721,0.0017265132178373869,1494.134261481546,3.1500000000000004
7,11,6,0,1,2,2,-0.0042582437352016366,-0.00066673127806627405,0,3.1500000000000004
7,11,7,0,0,0,0,0.0009021412327055384,0,0,3.1500000000000004
7,11,8,0,1,2,2,-0.00048860273448401103,3.6600186385054108e-05,0,3.1500000000000004
7,11,9,0,0,0,0,0.0014955380400980618,0,0,3.1500000000000004
7,11,10,0,0,0,0,0.0010668259676284392,0,0,3.1500000000000004
7,11,11,0,0,1,1,-0.0017513591235021402,-0.00047310825516456892,0,3.1500000000000004
7,11,12,0,0,1,1,-0.00084073197620282598,4.8964261900910261e-05,0,3.1500000000000004
7,11,13,0,1,2,2,-0.00070611162940428145,-0.00018266661723478691,0,3.1500000000000004
7,11,14,0,1,2,2,-0.0011559249789750107,-0.00018787705550955055,0,3.1500000000000004
7,11,15,0,2,2,2,0.00024838480548316252,0.0016190692540735347,1048.8498200314552,3.1500000000000004
7,11,16,0,2,2,2,-0.0040234461656502773,0.0012345987610092657,1048.8480681637707,3.1500000000000004
7,11,17,0,0,0,0,-0.00013620436941314933,0,0,3.1500000000000004
7,11,18,0,1,2,1,-7.8652038414592977e-05,3.9990817488756737e-05,0,3.1500000000000004
7,11,19,0,0,1,1,-0.00013881111707181903,5.0223677896485152e-05,0,3.1500000000000004
7,11,20,0,0,0,0,0.0027992444854319353,0,0,3.1500000000000004
7,11,21,0,0,0,0,0.0044082460758924531,0,0,3.1500000000000004
7,11,22,0,1,2,2,-0.0013090051436254054,0.00030167796399125822,0,3.1500000000000004
7,11,23,0,1,2,2,-0.0020092712484155555,0.0003904152610705195,0,3.1500000000000004
7,11,24,0,0,0,0,0.00030229151108790371,0,0,3.1500000000000004
7,11,25,0,1,2,2,-0.0034395070193447355,0.00065510070701122586,0,3.1500000000000004
7,11,26,0,2,2,2,-0.0056203190607305937,0.0032364103605120077,1126.2472364975436,3.1500000000000004
7,11,27,0,2,2,2,-0.0005826396149160736,-0.00042379609159414752,1126.4000967363502,3.1500000000000004
7,11,28,0,2,2,2,-0.0010489519592511787,0.0017531298441317599,516.23001093672178,3.1500000000000004
7,11,29,0,2,2,2,0.0016119279240037348,0.0017289259057836188,516.22971301512325,3.1500000000000004
7,11,30,0,0,0,0,0.0020903761103819064,0,0,3.1500000000000004
7,11,31,0,0,1,1,-9.8483338213048089e-05,-1.9150168155499607e-05,0,3.1500000000000004
7,11,32,0,1,2,2,-0.0013171638910986386,0.0002457595870139313,0,3.1500000000000004
7,11,33,0,1,2,2,-0.0018837118270002872,0.00014832347247218424,0,3.1500000000000004
7,11,34,0,2,2,2,-0.0020476423730408375,0.0010642208641766049,705.09293343711738,3.1500000000000004
7,11,35,0,2,2,2,6.3977765277394366e-05,-8.2820809380014911e-05,705.1249818176766,3.1500000000000004
7,11,36,0,2,2,2,-0.0011313399566903765,-0.0040068898194854539,1469.1200222894038,3.1500000000000004
7,11,37,0,2,2,2,-0.0098533563379892691,0.0076912088465115099,1467.2603022199808,3.1500000000000004
7,11,38,0,0,0,0,0.00038543926667415043,0,0,3.1500000000000004
7,11,39,0,0,1,1,-8.5532232996030652e-05,-0.00019309293815082071,0,3.1500000000000004
7,11,40,0,0,1,1,-0.00010125438861258482,-0.00014770343181492304,0,3.1500000000000004
7,11,41,0,1,2,2,-9.8386901230105561e-05,-8.4190002049513532e-06,0,3.1500000000000004
7,11,42,0,0,0,0,0.00038294596914535862,0,0,3.1500000000000004
7,11,43,0,2,2,2,-0.0014843809960324447,0.0015934069146656318,715.58139268495779,3.1500000000000004
7,11,44,0,2,2,2,-0.0016178443708346696,0.003366488189656324,715.58127140957811,3.1500000000000004
7,11,45,0,0,1,1,-5.2669002924579531e-05,-4.7320082283089313e-05,0,3.1500000000000004
7,11,46,0,1,2,2,-0.0030282611888502514,0.00052465058162926904,0,3.1500000000000004
7,11,47,1,0,0,0,0.00035087451955063698,0,0,3.1500000000000004
7,11,48,0,0,1,1,-0.00096200043946738378,3.0045848221744654e-05,0,3.1500000000000004
7,11,49,0,0,1,1,-0.0022939932772131789,3.0060604871613192e-05,0,3.1500000000000004
7,11,50,0,1,2,2,-0.0030173329765037795,0.00087721699288699289,0,3.1500000000000004
7,11,51,0,0,1,1,-0.00036035409798597178,2.9009777325595872e-05,0,3.1500000000000004
7,11,52,0,1,2,2,-0.0028470955324153189,0.0012092667365089351,0,3.1500000000000004
7,11,53,0,1,2,2,-4.5092903281481752e-05,-7.3223172301241109e-08,0,3.1500000000000004
7,11,54,0,0,1,1,-0.0020610068371386221,0.00015935356048985919,0,3.1500000000000004
7,12,1,0,0,0,0,0.00024290767707315963,3.1500000000000002e-13,0,3.1500000000000004
7,12,2,0,0,0,0,0.00013531642777111502,3.1500000000000002e-13,0,3.1500000000000004
7,12,3,0,0,0,0,0.0022720836075554606,0,0,3.1500000000000004
7,12,4,0,2,2,2,-0.0029508491767248272,0.0034762574589551776,1494.1336234663286,3.1500000000000004
7,12,5,0,2,2,2,-0.0010661018826281436,0.0017087496612358433,1494.134261481546,3.1500000000000004
7,12,6,0,1,2,2,-0.0042499572649793158,-0.00068092772543509503,0,3.1500000000000004
7,12,7,0,0,0,0,0.00087914535442777534,0,0,3.1500000000000004
7,12,8,0,1,2,2,-0.00050324761169669402,1.5182669507605691e-05,0,3.1500000000000004
7,12,9,0,0,0,0,0.0014678675825326995,0,0,3.1500000000000004
7,12,10,0,0,0,0,0.0010490042090038031,0,0,3.1500000000000004
7,12,11,0,0,1,1,-0.0017438155687058837,-0.00044756871880801205,0,3.1500000000000004
7,12,12,0,0,1,1,-0.00084085909725678163,4.4833581944818014e-05,0,3.1500000000000004
7,12,13,0,1,2,2,-0.00070367773324182576,-0.00017848379081976596,0,3.1500000000000004
7,12,14,0,1,2,2,-0.0011537273264729544,-0.00018355195050455113,0,3.1500000000000004
7,12,15,0,2,2,2,0.00023546665493104059,0.0016120302868367349,1048.8498200314552,3.1500000000000004
7,12,16,0,2,2,2,-0.0040441814313725679,0.0012097740374263683,1048.8480681637707,3.1500000000000004
7,12,17,0,0,0,0,-9.597864720556721e-05,0,0,3.1500000000000004
7,12,18,0,1,1,1,-4.7683210026579621e-05,9.6537978899128736e-05,0,3.1500000000000004
7,12,19,0,0,1,1,-0.00010912573149565079,0.00010745511727744641,0,3.1500000000000004
7,12,20,0,0,0,0,0.00275470917711137,0,0,3.1500000000000004
7,12,21,0,0,0,0,0.0044323098974983583,0,0,3.1500000000000004
7,12,22,0,1,2,2,-0.0012682185575372056,0.00032785866934758673,0,3.1500000000000004
7,12,23,0,1,2,2,-0.0020274932898706726,0.00037672878574916533,0,3.1500000000000004
7,12,24,0,0,0,0,0.00028476029018992803,0,0,3.1500000000000004
7,12,25,0,1,2,2,-0.0033955598711996309,0.00067961642998857184,0,3.1500000000000004
7,12,26,0,2,2,2,-0.005608555883596815,0.003276677023371036,1126.2472364975436,3.1500000000000004
7,12,27,0,2,2,2,-0.00058028088324236051,-0.00040546917565221856,1126.4000967363502,3.1500000000000004
7,12,28,0,2,2,2,-0.0010060747061947138,0.0018023282819407769,516.23001093672178,3.1500000000000004
7,12,29,0,2,2,2,0.0016316840669201641,0.0017351190907275711,516.22971301512325,3.1500000000000004
7,12,30,0,0,0,0,0.0020568044287188345,0,0,3.1500000000000004
7,12,31,0,0,1,1,-0.00010693308724170731,-2.5513785870534739e-05,0,3.1500000000000004
7,12,32,0,1,2,2,-0.0013169138033854886,0.00025737798318178505,0,3.1500000000000004
7,12,33,0,1,2,2,-0.0018830004210508395,0.00015736190644891347,0,3.1500000000000004
7,12,34,0,2,2,2,-0.0020475899006980902,0.0010649406640372086,705.09293343711738,3.1500000000000004
7,12,35,0,2,2,2,6.3826143626538568e-05,-8.3963667686992943e-05,705.1249818176766,3.1500000000000004
7,12,36,0,2,2,2,-0.0011183791082509506,-0.0040093261479842695,1469.1200222894038,3.1500000000000004
7,12,37,0,2,2,2,-0.0098684444143100503,0.0077081458109837251,1467.2603022199808,3.1500000000000004
7,12,38,0,0,0,0,0.00038351261427352833,0,0,3.1500000000000004
7,12,39,0,0,1,1,-0.00010152445601937623,-0.00021490558194187047,0,3.1500000000000004
7,12,40,0,0,1,1,-0.00010450460319045077,-0.00017455347130771891,0,3.1500000000000004
7,12,41,0,1,2,2,-9.824641197476506e-05,-8.6558247069366065e-06,0,3.1500000000000004
7,12,42,0,0,0,0,0.00038018161826800499,0,0,3.1500000000000004
7,12,43,0,2,2,2,-0.0014877560324269748,0.0015832777215310893,715.58139268495779,3.1500000000000004
7,12,44,0,2,2,2,-0.0016244415172572252,0.0032970917220079147,715.58127140957811,3.1500000000000004
7,12,45,0,0,1,1,-5.0035355382038702e-05,-6.7836353075093284e-05,0,3.1500000000000004
7,12,46,0,1,2,2,-0.0030161203975418937,0.00050782819825575978,0,3.1500000000000004
7,12,47,1,0,0,0,0.00035130819539066826,0,0,3.1500000000000004
7,12,48,0,0,1,1,-0.00096731780986301431,1.8376319915721232e-05,0,3.1500000000000004
7,12,49,0,0,1,1,-0.0022962293011867516,1.7496740252133269e-05,0,3.1500000000000004
7,12,50,0,1,2,2,-0.003021342201540348,0.00088083396325435749,0,3.1500000000000004
7,12,51,0,0,1,1,-0.00034765050054171508,2.5342928952338029e-05,0,3.1500000000000004
7,12,52,0,1,2,2,-0.002866621811377828,0.0011904559052585213,0,3.1500000000000004
7,12,53,0,1,2,2,-4.5267970125859201e-05,-7.2272558252820056e-07,0,3.1500000000000004
7,12,54,0,0,1,1,-0.0020530226711028034,0.00018816916401951457,0,3.1500000000000004
8,13,1,0,0,0,0,0.00060151867001639067,0,0,3.1500000000000004
8,13,2,0,0,0,0,0.00049410035476567758,0,0,3.1500000000000004
8,13,3,0,0,0,0,0.0028855201810477596,0,0,3.1500000000000004
8,13,4,0,2,2,2,-0.0029555846479284741,0.003469894697621689,1494.2310388345513,3.1500000000000004
8,13,5,0,2,2,2,-0.0010998262237586994,0.0019849534114164008,1494.2316721179247,3.1500000000000004
8,13,6,0,1,2,2,-0.0043670628918816177,-0.00090017091682785782,0,3.1500000000000004
8,13,7,0,0,0,0,0.0011098450403767553,0,0,3.1500000000000004
8,13,8,0,1,2,2,-0.0002056098724220711,-5.2087848139763022e-05,0,3.1500000000000004
8,13,9,0,0,0,0,0.0018167152270060307,0,0,3.1500000000000004
8,13,10,0,0,0,0,0.0015053103810111184,0,0,3.1500000000000004
8,13,11,0,0,1,1,-0.0018672876087756621,-0.00039191542630224264,0,3.1500000000000004
8,13,12,0,0,1,1,-0.00083195555802973299,4.8579094118036929e-05,0,3.1500000000000004
8,13,13,0,1,2,2,-0.00072839301949647727,-0.00028996392688011461,0,3.1500000000000004
8,13,14,0,1,2,2,-0.0011722798161343825,-0.00029605214062983573,0,3.1500000000000004
8,13,15,0,2,2,2,0.00050169781878754152,0.0018340031845598286,1048.7656224568082,3.1500000000000004
8,13,16,0,2,2,2,-0.0042656542395135529,0.0014621024803820628,1048.763679989356,3.1500000000000004
8,13,17,0,0,0,0,-0.00025573055252921966,0,0,3.1500000000000004
8,13,18,0,0,1,0,0.0001279650742797622,3.1500000000000002e-13,0,3.1500000000000004
8,13,19,0,0,1,0,6.8434497838101475e-05,3.1500000000000002e-13,0,3.1500000000000004
8,13,20,0,0,0,0,0.0031992016747793379,0,0,3.1500000000000004
8,13,21,0,0,0,0,0.0053240579049769919,0,0,3.1500000000000004
8,13,22,0,1,2,2,-0.0012904246001952406,0.00029280141440846179,0,3.1500000000000004
8,13,23,0,1,2,2,-0.0020117401213544626,0.00038799681035021297,0,3.1500000000000004
8,13,24,0,0,0,0,0.00037186205961356976,0,0,3.1500000000000004
8,13,25,0,1,2,2,-0.0034470682026699197,0.00065898282977087735,0,3.1500000000000004
8,13,26,0,2,2,2,-0.0056351079839582789,0.0032965006167323132,1126.1834067553489,3.1500000000000004
8,13,27,0,2,2,2,-0.00061650549346976336,-0.00056155034040831142,1126.3889573943361,3.1500000000000004
8,13,28,0,2,2,2,-0.00090638364735072963,0.0019741625552755632,516.19140281831437,3.1500000000000004
8,13,29,0,2,2,2,0.0017017145751826652,0.0018054030256334024,516.19100314293644,3.1500000000000004
8,13,30,0,0,0,0,0.0023938041492536279,0,0,3.1500000000000004
8,13,31,0,0,1,1,-9.7665271078041044e-05,-5.6351291521650261e-06,0,3.1500000000000004
8,13,32,0,1,2,2,-0.0012530456360529811,0.00014071783839531216,0,3.1500000000000004
8,13,33,0,1,2,2,-0.0019073627828113935,2.5078291404718003e-05,0,3.1500000000000004
8,13,34,0,2,2,2,-0.0020661212119649332,0.0010806927380356453,705.06725285555024,3.1500000000000004
8,13,35,0,2,2,2,9.4854373631967959e-05,-0.00010605299342953535,705.11003467979276,3.1500000000000004
8,13,36,0,2,2,2,-0.0010459510342043206,-0.0042964331110731929,1468.8668381728401,3.1500000000000004
8,13,37,0,2,2,2,-0.010013700338079624,0.0081224082359856089,1466.8551233093876,3.1500000000000004
8,13,38,0,0,0,0,0.00043271832998232582,0,0,3.1500000000000004
8,13,39,0,0,1,1,-6.3474840123401804e-05,-0.00015726579711497534,0,3.1500000000000004
8,13,40,0,0,1,0,5.7143373242818493e-06,-3.1500000000000002e-13,0,3.1500000000000004
8,13,41,0,1,2,2,-9.6533040152101661e-05,-9.9682764648945956e-06,0,3.1500000000000004
8,13,42,0,0,0,0,0.00043955432823720769,0,0,3.1500000000000004
8,13,43,0,2,2,2,-0.001487037151866787,0.0015639764940443587,715.58521328859683,3.1500000000000004
8,13,44,0,2,2,2,-0.0016033318034891695,0.0034201432031942102,715.58513905334928,3.1500000000000004
8,13,45,0,0,1,0,4.8282418573334267e-05,-3.1500000000000002e-13,0,3.1500000000000004
8,13,46,0,1,2,2,-0.0029341942895860403,0.00056250260520602298,0,3.1500000000000004
8,13,47,1,0,0,0,0.00046620955990866759,0,0,3.1500000000000004
8,13,48,0,0,1,1,-0.00096897037723254022,3.042112926472207e-05,0,3.1500000000000004
8,13,49,0,0,1,1,-0.0023054790811252641,2.8858133469258758e-05,0,3.1500000000000004
8,13,50,0,1,2,2,-0.0031262790239121709,0.00087066137531833707,0,3.1500000000000004
8,13,51,0,0,1,2,-0.00038674777627006136,-5.1220388170953125e-05,0,3.1500000000000004
8,13,52,0,1,2,2,-0.0028504288920132145,0.0011963755325582932,0,3.1500000000000004
8,13,53,0,1,2,2,-4.2882711903322507e-05,-2.9288821798438505e-06,0,3.1500000000000004
8,13,54,0,0,1,1,-0.002188458450399328,9.7425519161888091e-05,0,3.1500000000000004
8,14,1,0,0,0,0,0.00068435300704683692,0,0,3.1500000000000004
8,14,2,0,0,0,0,0.00057548104105079804,0,0,3.1500000000000004
8,14,3,0,0,0,0,0.0029358373895773662,0,0,3.1500000000000004
8,14,4,0,2,2,2,-0.0029575511454606957,0.0034716416639987632,1494.2310388345513,3.1500000000000004
8,14,5,0,2,2,2,-0.001099967820775191,0.0019745275933378899,1494.2316721179247,3.1500000000000004
8,14,6,0,1,2,2,-0.0043590896013592931,-0.00091616435046905983,0,3.1500000000000004
8,14,7,0,0,0,0,0.0010757258084993838,0,0,3.1500000000000004
8,14,8,0,1,2,2,-0.00022754399930709532,-8.3489280105100559e-05,0,3.1500000000000004
8,14,9,0,0,0,0,0.0017754850312121269,0,0,3.1500000000000004
8,14,10,0,0,0,0,0.0014790631576012084,0,0,3.1500000000000004
8,14,11,0,0,1,1,-0.0018613903672269213,-0.0003779423134179114,0,3.1500000000000004
8,14,12,0,0,1,1,-0.00083157712460951467,4.552223516717797e-05,0,3.1500000000000004
8,14,13,0,1,2,2,-0.00072613392164073704,-0.00028888797899684083,0,3.1500000000000004
8,14,14,0,1,2,2,-0.0011700862892074801,-0.00029483698940547165,0,3.1500000000000004
8,14,15,0,2,2,2,0.00047977802571145883,0.0018045326867827068,1048.7656224568082,3.1500000000000004
8,14,16,0,2,2,2,-0.0042932978895759109,0.0014145070266964714,1048.763679989356,3.1500000000000004
8,14,17,0,0,0,0,-0.00014025292010775076,0,0,3.1500000000000004
8,14,18,0,0,0,0,0.00033145956848062394,3.1500000000000002e-13,0,3.1500000000000004
8,14,19,0,0,0,0,0.00026897485546294907,3.1500000000000002e-13,0,3.1500000000000004
8,14,20,0,0,0,0,0.0031114188048697927,0,0,3.1500000000000004
8,14,21,0,0,0,0,0.0053161709047814271,0,0,3.1500000000000004
8,14,22,0,1,2,2,-0.0012626099492934226,0.00031233664118996655,0,3.1500000000000004
8,14,23,0,1,2,2,-0.0020161486368946925,0.00037513880743424063,0,3.1500000000000004
8,14,24,0,0,0,0,0.0003368777219914926,0,0,3.1500000000000004
8,14,25,0,1,2,2,-0.0034165896464069421,0.00071088796829050127,0,3.1500000000000004
8,14,26,0,2,2,2,-0.0056088126284814859,0.0032543061108926243,1126.1834067553489,3.1500000000000004
8,14,27,0,2,2,2,-0.00058229386899207828,-0.00052410561344939835,1126.3889573943361,3.1500000000000004
8,14,28,0,2,2,2,-0.00096285038107122298,0.0018491536860818466,516.19140281831437,3.1500000000000004
8,14,29,0,2,2,2,0.0016720027791984615,0.0017340343784032416,516.19100314293644,3.1500000000000004
8,14,30,0,0,0,0,0.0023547035416701147,0,0,3.1500000000000004
8,14,31,0,0,1,1,-0.00010879985636551141,-2.45338755125217e-05,0,3.1500000000000004
8,14,32,0,1,2,2,-0.0012523749195024194,0.00014813095564550054,0,3.1500000000000004
8,14,33,0,1,2,2,-0.0019064893785342488,2.9902576033103025e-05,0,3.1500000000000004
8,14,34,0,2,2,2,-0.0020663268951296131,0.0010822446800064583,705.06725285555024,3.1500000000000004
8,14,35,0,2,2,2,9.5104902038518712e-05,-0.00010846044692257226,705.11003467979276,3.1500000000000004
8,14,36,0,2,2,2,-0.0010317799982935004,-0.0043015861568142478,1468.8668381728401,3.1500000000000004
8,14,37,0,2,2,2,-0.010030472156261665,0.0081474200192240154,1466.8551233093876,3.1500000000000004
8,14,38,0,0,0,0,0.00043480612278757729,0,0,3.1500000000000004
8,14,39,0,0,1,1,-6.887273509369017e-05,-0.00018516348354750969,0,3.1500000000000004
8,14,40,0,0,0,0,1.4678600977766898e-05,-3.1500000000000002e-13,0,3.1500000000000004
8,14,41,0,1,2,2,-9.668089161588345e-05,-1.0227603788066157e-05,0,3.1500000000000004
8,14,42,0,0,0,0,0.00044031967895861486,0,0,3.1500000000000004
8,14,43,0,2,2,2,-0.001484610425608171,0.0015747995462849905,715.58521328859683,3.1500000000000004
8,14,44,0,2,2,2,-0.0016350895108370215,0.0033651665378399138,715.58513905334928,3.1500000000000004
8,14,45,0,0,0,0,-1.7525392386387955e-05,-3.1500000000000002e-13,0,3.1500000000000004
8,14,46,0,1,2,2,-0.0029730273307033567,0.00049661573598183293,0,3.1500000000000004
8,14,47,1,0,0,0,0.00039097111374999152,0,0,3.1500000000000004
8,14,48,0,0,1,1,-0.00096997828420687009,7.2201261311001199e-06,0,3.1500000000000004
8,14,49,0,0,1,1,-0.0023006451988547452,6.2462943591211556e-06,0,3.1500000000000004
8,14,50,0,1,2,2,-0.0030716103156752756,0.00089077570820288155,0,3.1500000000000004
8,14,51,0,0,2,2,-0.00035654274244250922,5.0186866716898694e-05,0,3.1500000000000004
8,14,52,0,1,2,2,-0.002863016237907925,0.0012090171101111497,0,3.1500000000000004
8,14,53,0,1,2,2,-4.2929884301805639e-05,-3.5534824722972369e-06,0,3.1500000000000004
8,14,54,0,0,1,1,-0.0021261293739668419,0.00015276666325078227,0,3.1500000000000004
9,15,1,0,0,0,0,0.0011898851232450902,0,0,3.1500000000000004
9,15,2,0,0,0,0,0.0010801321730801359,0,0,3.1500000000000004
9,15,3,0,0,0,0,0.0036378316932216275,0,0,3.1500000000000004
9,15,4,0,2,2,2,-0.0029633906893750737,0.003468960252122419,1494.3416161399578,3.1500000000000004
9,15,5,0,2,2,2,-0.0011381465038571175,0.0022556385397092052,1494.3422465394867,3.1500000000000004
9,15,6,0,1,2,2,-0.0044545563865285923,-0.0011410333118055914,0,3.1500000000000004
9,15,7,0,0,0,0,0.0012539017046624551,0,0,3.1500000000000004
9,15,8,0,1,2,0,2.9955909988995907e-05,-8.3489280105100559e-05,0,3.1500000000000004
9,15,9,0,0,0,0,0.0020568956848819658,0,0,3.1500000000000004
9,15,10,0,0,0,0,0.0018836690283439322,0,0,3.1500000000000004
9,15,11,0,0,1,1,-0.0019817288050443726,-0.00040366037857912657,0,3.1500000000000004
9,15,12,0,0,1,1,-0.00081797739580715941,4.4741276527428306e-05,0,3.1500000000000004
9,15,13,0,1,2,1,-0.00074640349167617056,-0.00040726897756373088,0,3.1500000000000004
9,15,14,0,1,2,2,-0.0011838277258867038,-0.0004139810446737262,0,3.1500000000000004
9,15,15,0,2,2,2,0.00067181977921071162,0.0019395326505801504,1048.7162898854162,3.1500000000000004
9,15,16,0,2,2,2,-0.004576870851449949,0.0015666691211252976,1048.714120574841,3.1500000000000004
9,15,17,0,0,0,0,-9.6536846235393105e-05,0,0,3.1500000000000004
9,15,18,0,0,0,0,0.00085447532485364262,0,0,3.1500000000000004
9,15,19,0,0,0,0,0.00079123356269598477,0,0,3.1500000000000004
9,15,20,0,0,0,0,0.0034138531638765422,0,0,3.1500000000000004
9,15,21,0,0,0,0,0.0061949400844537933,0,0,3.1500000000000004
9,15,22,0,1,2,2,-0.0012379475112439845,0.00027918701574370644,0,3.1500000000000004
9,15,23,0,1,2,2,-0.0020022916996457322,0.000395331706651868,0,3.1500000000000004
9,15,24,0,0,0,0,0.0003677514394872943,0,0,3.1500000000000004
9,15,25,0,1,2,2,-0.0034148515739026233,0.00068871396028402111,0,3.1500000000000004
9,15,26,0,2,2,2,-0.005613979407868429,0.0032701406801955309,1126.1351570598208,3.1500000000000004
9,15,27,0,2,2,2,-0.00056454228767823986,-0.00061369889676648939,1126.4000225453717,3.1500000000000004
9,15,28,0,2,2,2,-0.00098048871365879814,0.0018443110690525154,516.17132713844433,3.1500000000000004
9,15,29,0,2,2,2,0.0016796921730329528,0.001703057399090561,516.17087458925289,3.1500000000000004
9,15,30,0,0,0,0,0.0026288967682565516,0,0,3.1500000000000004
9,15,31,0,0,1,1,-0.00011663667669965093,-1.2493709118866895e-05,0,3.1500000000000004
9,15,32,0,1,2,2,-0.0011892220192956239,2.6257582981344395e-05,0,3.1500000000000004
9,15,33,0,1,2,2,-0.001929472864146188,-0.00010762025344137041,0,3.1500000000000004
9,15,34,0,2,2,2,-0.0020840636397932363,0.0011007399970102709,705.03874228337827,3.1500000000000004
9,15,35,0,2,2,2,0.00012452815460135794,-0.00013496173797779141,705.09381217335158,3.1500000000000004
9,15,36,0,2,2,2,-0.0009450424039805324,-0.0045793797759901183,1468.5917314738074,3.1500000000000004
9,15,37,0,2,2,2,-0.010179505457506456,0.0085791835168261398,1466.4334427771503,3.1500000000000004
9,15,38,0,0,0,0,0.00050535468318668329,0,0,3.1500000000000004
9,15,39,0,0,1,0,1.1279669046334201e-05,-3.1500000000000002e-13,0,3.1500000000000004
9,15,40,0,0,0,0,0.00018470352779066741,0,0,3.1500000000000004
9,15,41,0,1,2,2,-9.5012857817119859e-05,-1.1646484775929919e-05,0,3.1500000000000004
9,15,42,0,0,0,0,0.00051699888154581601,0,0,3.1500000000000004
9,15,43,0,2,2,2,-0.001477896248951865,0.0015712732316696303,715.5829579171442,3.1500000000000004
9,15,44,0,2,2,2,-0.0016564462907808016,0.003390293627622274,715.58287596041737,3.1500000000000004
9,15,45,0,0,0,0,-2.0634857888314687e-05,0,0,3.1500000000000004
9,15,46,0,1,2,2,-0.0029715784505596372,0.00048757647154101694,0,3.1500000000000004
9,15,47,1,0,0,0,0.00038892879118729155,0,0,3.1500000000000004
9,15,48,0,0,1,1,-0.00096840827210482915,1.2387500164547767e-05,0,3.1500000000000004
9,15,49,0,0,1,1,-0.0023021711074579479,1.2362494216831345e-05,0,3.1500000000000004
9,15,50,0,1,2,2,-0.0030725129710846913,0.00090582966031293153,0,3.1500000000000004
9,15,51,0,1,2,2,-0.00035866471200724149,1.1887978595921897e-05,0,3.1500000000000004
9,15,52,0,1,2,2,-0.0028626297568963683,0.0012162290063671135,0,3.1500000000000004
9,15,53,0,1,2,2,-3.9923665685761882e-05,-6.0519698201788104e-06,0,3.1500000000000004
9,15,54,0,0,1,1,-0.0021729401755632002,0.00014777259427991153,0,3.1500000000000004
9,16,1,0,0,0,0,0.0011907474210736632,0,0,3.1500000000000004
9,16,2,0,0,0,0,0.0010808456760345291,0,0,3.1500000000000004
9,16,3,0,0,0,0,0.003638406505470764,0,0,3.1500000000000004
9,16,4,0,2,2,2,-0.002964343922882192,0.0034691148981708039,1494.3416161399578,3.1500000000000004
9,16,5,0,2,2,2,-0.0011347592085284009,0.00224161440388137,1494.3422465394867,3.1500000000000004
9,16,6,0,1,2,2,-0.0044463780774887983,-0.0012096139711850326,0,3.1500000000000004
9,16,7,0,0,0,0,0.0012391991586494346,0,0,3.1500000000000004
9,16,8,0,1,0,0,3.4297835249210969e-05,-8.3489280105100559e-05,0,3.1500000000000004
9,16,9,0,0,0,0,0.0020450780642256379,0,0,3.1500000000000004
9,16,10,0,0,0,0,0.0018876785130689951,0,0,3.1500000000000004
9,16,11,0,0,1,1,-0.0019783060593493514,-0.0003839993609712975,0,3.1500000000000004
9,16,12,0,0,1,2,-0.00081599821133735654,-2.7052500081261013e-05,0,3.1500000000000004
9,16,13,0,1,1,1,-0.00074663260136417309,-0.00045067407695336661,0,3.1500000000000004
9,16,14,0,1,2,2,-0.0011817353458278019,-0.00045731909291230435,0,3.1500000000000004
9,16,15,0,2,2,2,0.00066217994070121781,0.001928194828455848,1048.7162898854162,3.1500000000000004
9,16,16,0,2,2,2,-0.004578605578746754,0.0015575053681495742,1048.714120574841,3.1500000000000004
9,16,17,0,0,0,0,-9.4674041111432721e-05,0,0,3.1500000000000004
9,16,18,0,0,0,0,0.00085598030806645548,0,0,3.1500000000000004
9,16,19,0,0,0,0,0.00079257646344551105,0,0,3.1500000000000004
9,16,20,0,0,0,0,0.0034141432675169436,0,0,3.1500000000000004
9,16,21,0,0,0,0,0.0061948694379418776,0,0,3.1500000000000004
9,16,22,0,1,2,2,-0.0012379539444111896,0.00028020016306676293,0,3.1500000000000004
9,16,23,0,1,2,2,-0.0020023276021258487,0.00039015280216679496,0,3.1500000000000004
9,16,24,0,0,0,0,0.00036684288734869613,0,0,3.1500000000000004
9,16,25,0,1,2,2,-0.0034150249280285568,0.00069183506831738074,0,3.1500000000000004
9,16,26,0,2,2,2,-0.0056115359141850688,0.0032669925361288842,1126.1351570598208,3.1500000000000004
9,16,27,0,2,2,2,-0.00057371035363574597,-0.00059688155845315596,1126.4000225453717,3.1500000000000004
9,16,28,0,2,2,2,-0.00098064688483464214,0.001843464117460979,516.17132713844433,3.1500000000000004
9,16,29,0,2,2,2,0.0016751904718529313,0.0017071189311531614,516.17087458925289,3.1500000000000004
9,16,30,0,0,0,0,0.0026291925812675981,0,0,3.1500000000000004
9,16,31,0,0,1,1,-0.00011651717758111366,-1.4836141193857971e-05,0,3.1500000000000004
9,16,32,0,1,2,2,-0.0011891724223426481,3.9287430913761154e-05,0,3.1500000000000004
9,16,33,0,1,2,2,-0.0019296431683109279,-0.00010200908168031791,0,3.1500000000000004
9,16,34,0,2,2,2,-0.0020817996178635442,0.0010986563498920226,705.03874228337827,3.1500000000000004
9,16,35,0,2,2,2,0.00012066145570573091,-0.0001318381452901683,705.09381217335158,3.1500000000000004
9,16,36,0,2,2,2,-0.00094231498499157331,-0.004572988781921597,1468.5917314738074,3.1500000000000004
9,16,37,0,2,2,2,-0.010175676291764109,0.0085789452984768484,1466.4334427771503,3.1500000000000004
9,16,38,0,0,0,0,0.0005130005183813642,0,0,3.1500000000000004
9,16,39,0,0,0,0,1.3769954643653499e-05,-3.1500000000000002e-13,0,3.1500000000000004
9,16,40,0,0,0,0,0.00020324392501415645,0,0,3.1500000000000004
9,16,41,0,1,2,2,-9.4905175270450592e-05,-1.1731517101234323e-05,0,3.1500000000000004
9,16,42,0,0,0,0,0.00052361018070726456,0,0,3.1500000000000004
9,16,43,0,2,2,2,-0.0014787249557590913,0.001571920300199084,715.5829579171442,3.1500000000000004
9,16,44,0,2,2,2,-0.0016536640637473108,0.0033868804609643718,715.58287596041737,3.1500000000000004
9,16,45,0,0,0,0,-2.1035721988549144e-05,0,0,3.1500000000000004
9,16,46,0,1,2,2,-0.0029724599084556187,0.00048834627687529002,0,3.1500000000000004
9,16,47,1,0,0,0,0.00038844367437975466,0,0,3.1500000000000004
9,16,48,0,0,1,1,-0.00096813223513670407,9.36573342936201e-06,0,3.1500000000000004
9,16,49,0,0,1,1,-0.0023011590854019196,9.5077717947849732e-06,0,3.1500000000000004
9,16,50,0,1,2,2,-0.0030717290378797549,0.00090225412248096212,0,3.1500000000000004
9,16,51,0,1,2,2,-0.000359267836595589,1.8955430938212609e-05,0,3.1500000000000004
9,16,52,0,1,2,2,-0.002862611924314213,0.0012146641506028827,0,3.1500000000000004
9,16,53,0,1,2,2,-3.9755977414962804e-05,-6.3021346064959053e-06,0,3.1500000000000004
9,16,54,0,0,1,1,-0.002178848787925737,0.00015137289226595962,0,3.1500000000000004
10,17,1,0,0,0,0,0.0016304050192877903,0,0,3.1500000000000004
10,17,2,0,0,0,0,0.0015197749091902992,0,0,3.1500000000000004
10,17,3,0,0,0,0,0.0043127202253455364,0,0,3.1500000000000004
10,17,4,0,2,2,2,-0.0029672186675578772,0.0034652881643230798,1494.441810389756,3.1500000000000004
10,17,5,0,2,2,2,-0.0011382128861092398,0.002522804562102232,1494.4424376183431,3.1500000000000004
10,17,6,0,1,2,2,-0.0044808353493105812,-0.0013377303117250927,0,3.1500000000000004
10,17,7,0,0,0,0,0.0015542109670103462,0,0,3.1500000000000004
10,17,8,0,0,0,0,0.00040291254594361877,0,0,3.1500000000000004
10,17,9,0,0,0,0,0.0024653364196978453,0,0,3.1500000000000004
10,17,10,0,0,0,0,0.0024010939634015087,0,0,3.1500000000000004
10,17,11,0,0,1,1,-0.0021397348952644562,-0.00036756565239094762,0,3.1500000000000004
10,17,12,0,1,2,2,-0.00076506992658672646,0.00012442001703395772,0,3.1500000000000004
10,17,13,0,0,1,1,-0.00075236511902121135,-3.2936940643640153e-05,0,3.1500000000000004
10,17,14,0,1,2,2,-0.0011855259940271102,-0.00049030155324022117,0,3.1500000000000004
10,17,15,0,2,2,2,0.0008125138617301954,0.0019544723810855226,1048.6926807324392,3.1500000000000004
10,17,16,0,2,2,2,-0.0047825238656365515,0.0017120872685781111,1048.6902344747127,3.1500000000000004
10,17,17,0,0,0,0,-0.00018957085078923202,0,0,3.1500000000000004
10,17,18,0,0,0,0,0.0013263871530669316,0,0,3.1500000000000004
10,17,19,0,0,0,0,0.0012622585778444926,0,0,3.1500000000000004
10,17,20,0,0,0,0,0.0037750402283017819,0,0,3.1500000000000004
10,17,21,0,0,0,0,0.0071130564678357506,0,0,3.1500000000000004
10,17,22,0,1,2,2,-0.0012150288997546214,0.0002474217222026371,0,3.1500000000000004
10,17,23,0,1,2,2,-0.0019776114609328984,0.00040607894007836301,0,3.1500000000000004
10,17,24,0,0,0,0,0.0004086391251350059,0,0,3.1500000000000004
10,17,25,0,1,2,2,-0.003416337806129256,0.00067268142066783645,0,3.1500000000000004
10,17,26,0,2,2,2,-0.0056056673246821873,0.0032822404302889647,1126.0982752682362,3.1500000000000004
10,17,27,0,2,2,2,-0.00059980831310531908,-0.00069905442908696014,1126.3995409261736,3.1500000000000004
10,17,28,0,2,2,2,-0.0010056054798452255,0.0018265168660338425,516.16865031579209,3.1500000000000004
10,17,29,0,2,2,2,0.0016634173725048578,0.0016590007117393132,516.16820357426172,3.1500000000000004
10,17,30,0,0,0,0,0.0029174462937460038,0,0,3.1500000000000004
10,17,31,0,0,1,1,-0.00012195218536618479,-1.1855666726337026e-05,0,3.1500000000000004
10,17,32,0,1,2,2,-0.0011360039407299798,-6.9105169290522501e-05,0,3.1500000000000004
10,17,33,0,1,2,2,-0.001963078464704894,-0.00021949769700982792,0,3.1500000000000004
10,17,34,0,2,2,2,-0.0020954360950940442,0.0011208700823140381,705.0116928832208,3.1500000000000004
10,17,35,0,2,2,2,0.00014252777450098715,-0.00016483198740857767,705.07848260157675,3.1500000000000004
10,17,36,0,2,2,2,-0.00083128335024567116,-0.0048432484370791217,1468.3234642710174,3.1500000000000004
10,17,37,0,2,2,2,-0.010250069095504343,0.0090332295693636017,1466.029094613692,3.1500000000000004
10,17,38,0,0,0,0,0.00066461458658616137,0,0,3.1500000000000004
10,17,39,0,0,0,0,0.00034892681598697352,0,0,3.1500000000000004
10,17,40,0,0,0,0,0.00058048342364295602,0,0,3.1500000000000004
10,17,41,0,1,2,2,-9.3000040597850965e-05,-1.2837762386703243e-05,0,3.1500000000000004
10,17,42,0,0,0,0,0.00067137582841520112,0,0,3.1500000000000004
10,17,43,0,2,2,2,-0.0014727250313956973,0.0015704740986342467,715.5832996462583,3.1500000000000004
10,17,44,0,2,2,2,-0.0016671770144114834,0.0034219163750322306,715.58320394024588,3.1500000000000004
10,17,45,0,0,0,0,-3.8895075924968799e-05,0,0,3.1500000000000004
10,17,46,0,1,2,2,-0.0029825096776528756,0.00046963522969461379,0,3.1500000000000004
10,17,47,1,0,0,0,0.00037138429229680546,0,0,3.1500000000000004
10,17,48,0,0,1,1,-0.00096453612881541493,6.7756693788452244e-06,0,3.1500000000000004
10,17,49,0,0,1,1,-0.0022993704177879815,7.4128252170437822e-06,0,3.1500000000000004
10,17,50,0,1,2,2,-0.0030634284152481093,0.00091306540092367817,0,3.1500000000000004
10,17,51,0,1,2,2,-0.00037348793658993287,-1.004959975244262e-05,0,3.1500000000000004
10,17,52,0,1,2,2,-0.0028576534658907855,0.0012206286355182295,0,3.1500000000000004
10,17,53,0,1,2,2,-3.5695486815281191e-05,-8.4993846892195435e-06,0,3.1500000000000004
10,17,54,0,0,1,1,-0.0023068198803925318,9.4182973155506103e-05,0,3.1500000000000004
